사업코드,사업명,충전소명,종류,단계,주소,상세위치,신청기관,충전기 용량,CILI 등급,CILI 점수,신청일자,제출자,총괄기관,부지분류,시설 구분(대),시설 구분(소),부지정보,시도,시군구,위도,경도
ME26A,26년(1권역 일반),주적체육공원,신규,신규 접수,인천광역시 남동구 도림동 412,주적체육공원 주차장,지자체,급속(200kW동시),2,0.6444043,2026-03-25 09:03,생활경제과,남동구청,지자체,공공시설,지자체시설,,인천광역시,남동구,126.7247765,37.4137534
ME26A,26년(1권역 일반),주적체육공원,신규,신규 접수,인천광역시 남동구 도림동 412,주적체육공원 주차장,지자체,급속(200kW동시),2,0.6444043,2026-03-25 09:03,생활경제과,남동구청,지자체,공공시설,지자체시설,,인천광역시,남동구,126.7247765,37.4137534
ME26A,26년(1권역 일반),늘솔길근린공원(김미현골프장),신규,신규 접수,인천광역시 남동구 논현동 763-1,늘솔길근린공원(김미현골프장) 주차장,지자체,급속(200kW동시),5,0,2026-03-25 09:03,생활경제과,남동구청,지자체,공공시설,지자체시설,,인천광역시,남동구,126.7136401,37.3844594
ME26A,26년(1권역 일반),늘솔길근린공원(김미현골프장),신규,신규 접수,인천광역시 남동구 논현동 763-1,늘솔길근린공원(김미현골프장) 주차장,지자체,급속(200kW동시),5,0,2026-03-25 09:03,생활경제과,남동구청,지자체,공공시설,지자체시설,,인천광역시,남동구,126.7136401,37.3844594
ME26A,26년(1권역 일반),늘솔길근린공원(김미현골프장),신규,신규 접수,인천광역시 남동구 논현동 763-1,늘솔길근린공원(김미현골프장) 주차장,지자체,급속(200kW동시),5,0,2026-03-25 09:03,생활경제과,남동구청,지자체,공공시설,지자체시설,,인천광역시,남동구,126.7136401,37.3844594
ME26A,26년(1권역 일반),늘솔길근린공원(김미현골프장),신규,신규 접수,인천광역시 남동구 논현동 763-1,늘솔길근린공원(김미현골프장) 주차장,지자체,급속(200kW동시),5,0,2026-03-25 09:03,생활경제과,남동구청,지자체,공공시설,지자체시설,,인천광역시,남동구,126.7136401,37.3844594
ME26A,26년(1권역 일반),논현포대근린공원(운동장),신규,신규 접수,인천광역시 남동구 논현동 578-1,논현포대근린공원(운동장) 주차장,지자체,급속(200kW동시),2,0.6273921,2026-03-25 09:03,생활경제과,남동구청,공공,공공시설,지자체시설,,인천광역시,남동구,126.7086517,37.4080703
ME26A,26년(1권역 일반),논현포대근린공원(운동장),신규,신규 접수,인천광역시 남동구 논현동 578-1,논현포대근린공원(운동장) 주차장,지자체,급속(200kW동시),2,0.6273921,2026-03-25 09:03,생활경제과,남동구청,공공,공공시설,지자체시설,,인천광역시,남동구,126.7086517,37.4080703
ME26A,26년(1권역 일반),국립환경과학원,신규,신규 접수,"인천광역시 서구 환경로 42 (오류동,국립생물자원관)",종합환경연구단지 내 국립환경과학원,,급속(200kW동시),2,0.5450001,2026-02-13 16:02,기후에너지환경부,국립환경과학원,국가,공공시설,관공서,,인천광역시,서구,126.6434489,37.5695222
ME26A,26년(1권역 일반),국립환경과학원,신규,신규 접수,"인천광역시 서구 환경로 42 (오류동,국립생물자원관)",종합환경연구단지 내 국립환경과학원,,급속(200kW동시),2,0.5450001,2026-02-13 16:02,기후에너지환경부,국립환경과학원,국가,공공시설,관공서,,인천광역시,서구,126.6434489,37.5695222
ME26A,26년(1권역 일반),아차도리 마을회관 ,신규,신규 접수,인천광역시 강화군 서도면 아차도리 25,마을회관,지자체,급속(200kW동시),4,0.4187014,2026-02-10 11:02,기초지자체,서도면사무소,민간,공공시설,지자체시설,,인천광역시,강화군,126.2282216,37.6599973
ME26A,26년(1권역 일반),아차도리 마을회관 ,신규,신규 접수,인천광역시 강화군 서도면 아차도리 25,마을회관,지자체,급속(200kW동시),4,0.4187014,2026-02-10 11:02,기초지자체,서도면사무소,민간,공공시설,지자체시설,,인천광역시,강화군,126.2282216,37.6599973
ME26A,26년(1권역 일반),선원면사무소,신규,신규 접수,인천광역시 강화군 선원면 금월리 255-1,금월리 255-1번지외 7필지 ,지자체,급속(200kW동시),1,1,2026-02-05 17:02,경제교통과,강화군청,지자체,공공시설,주민센터,,인천광역시,강화군,126.4854175,37.7117718
ME26A,26년(1권역 일반),선원면사무소,신규,신규 접수,인천광역시 강화군 선원면 금월리 255-1,금월리 255-1번지외 7필지 ,지자체,급속(100kW단독),1,1,2026-02-05 17:02,경제교통과,강화군청,지자체,공공시설,주민센터,,인천광역시,강화군,126.4854175,37.7117718
ME26A,26년(1권역 일반),선원면사무소,신규,신규 접수,인천광역시 강화군 선원면 금월리 255-1,금월리 255-1번지외 7필지 ,지자체,급속(100kW단독),1,1,2026-02-05 17:02,경제교통과,강화군청,지자체,공공시설,주민센터,,인천광역시,강화군,126.4854175,37.7117718
ME26A,26년(1권역 일반),선원면사무소,신규,신규 접수,인천광역시 강화군 선원면 금월리 255-1,금월리 255-1번지외 7필지 ,지자체,급속(200kW동시),1,1,2026-02-05 17:02,경제교통과,강화군청,지자체,공공시설,주민센터,,인천광역시,강화군,126.4854175,37.7117718
ME26A,26년(1권역 일반),삼산면 매음리 제1공영주차장,신규,신규 접수,인천광역시 강화군 삼산면 매음리 641-10,매음리 제1공영주차장,지자체,급속(100kW단독),4,0.488383,2026-02-06 23:02,도로교통과,인천광역시 강화군,지자체,주차시설,공영주차장,,인천광역시,강화군,126.3163775,37.6851974
ME26A,26년(1권역 일반),선수항 공영주차장,신규,신규 접수,인천광역시 강화군 화도면 내리 1838-3,선수항 공영주차장,지자체,급속(200kW동시),2,0.4538388,2026-02-06 23:02,도로교통과,인천광역시 강화군,지자체,주차시설,공영주차장,,인천광역시,강화군,126.3849189,37.6385363
ME26A,26년(1권역 일반),선수항 공영주차장,신규,신규 접수,인천광역시 강화군 화도면 내리 1838-3,선수항 공영주차장,지자체,급속(200kW동시),2,0.4538388,2026-02-06 23:02,도로교통과,인천광역시 강화군,지자체,주차시설,공영주차장,,인천광역시,강화군,126.3849189,37.6385363
ME26A,26년(1권역 일반),온수리 제3공영주차장,신규,신규 접수,인천광역시 강화군 길상면 온수리 502-3,온수리 제3공영주차장,지자체,급속(200kW동시),2,0.6233404,2026-02-06 23:02,도로교통과,인천광역시 강화군,지자체,주차시설,공영주차장,,인천광역시,강화군,126.4913248,37.6416279
ME26A,26년(1권역 일반),온수리 제3공영주차장,신규,신규 접수,인천광역시 강화군 길상면 온수리 502-3,온수리 제3공영주차장,지자체,급속(100kW단독),2,0.6233404,2026-02-06 23:02,도로교통과,인천광역시 강화군,지자체,주차시설,공영주차장,,인천광역시,강화군,126.4913248,37.6416279
ME26A,26년(1권역 일반),온수리 제3공영주차장,신규,신규 접수,인천광역시 강화군 길상면 온수리 502-3,온수리 제3공영주차장,지자체,급속(200kW동시),2,0.6233404,2026-02-06 23:02,도로교통과,인천광역시 강화군,지자체,주차시설,공영주차장,,인천광역시,강화군,126.4913248,37.6416279
ME26A,26년(1권역 일반),내가면 외포리 공영주차장,신규,신규 접수,인천광역시 강화군 내가면 외포리 763-79,외포리 공영주차장,지자체,급속(200kW동시),3,0.5385197,2026-02-06 23:02,도로교통과,인천광역시 강화군,지자체,주차시설,공영주차장,,인천광역시,강화군,126.383957,37.7004524
ME26A,26년(1권역 일반),내가면 외포리 공영주차장,신규,신규 접수,인천광역시 강화군 내가면 외포리 763-79,외포리 공영주차장,지자체,급속(200kW동시),3,0.5385197,2026-02-06 23:02,도로교통과,인천광역시 강화군,지자체,주차시설,공영주차장,,인천광역시,강화군,126.383957,37.7004524
ME26A,26년(1권역 일반),교동면 대룡리 공영주차장,신규,신규 접수,인천광역시 강화군 교동면 대룡리 449-2,대룡리 공영주차장,지자체,급속(200kW동시),3,0.8902619,2026-02-06 23:02,도로교통과,인천광역시 강화군,지자체,주차시설,공영주차장,,인천광역시,강화군,126.2788838,37.7818715
ME26A,26년(1권역 일반),교동면 대룡리 공영주차장,신규,신규 접수,인천광역시 강화군 교동면 대룡리 449-2,대룡리 공영주차장,지자체,급속(200kW동시),3,0.8902619,2026-02-06 23:02,도로교통과,인천광역시 강화군,지자체,주차시설,공영주차장,,인천광역시,강화군,126.2788838,37.7818715
ME26A,26년(1권역 일반),강화읍 관청 제1공영주차장,신규,신규 접수,인천광역시 강화군 강화읍 관청리 931,강화읍 관청 제1공영주차장,지자체,급속(100kW단독),2,0.9460383,2026-02-06 23:02,도로교통과,인천광역시 강화군,지자체,주차시설,공영주차장,,인천광역시,강화군,126.4787282,37.7524484
ME26A,26년(1권역 일반),강화읍 남문 공영주차장,신규,신규 접수,인천광역시 강화군 강화읍 신문리 4-1,강화읍 남문 공영주차장,지자체,급속(100kW단독),1,0.9755697,2026-02-06 23:02,도로교통과,인천광역시 강화군,지자체,주차시설,공영주차장,,인천광역시,강화군,126.4857884,37.7457906
ME26A,26년(1권역 일반),강화읍 신문리 공영주차장,신규,신규 접수,인천광역시 강화군 강화읍 신문리 596,강화읍 신문리 공영주차장,지자체,급속(100kW단독),1,0.9755697,2026-02-06 23:02,도로교통과,인천광역시 강화군,지자체,주차시설,공영주차장,,인천광역시,강화군,126.4784422,37.7472673
ME26A,26년(1권역 일반),백령공영주차장(진촌1리),신규,신규 접수,인천광역시 옹진군 백령면 진촌리 701-6,15010,지자체,급속(200kW동시),2,0.9388263,2026-02-02 16:02,경제정책과,옹진군청,지자체,주차시설,공영주차장,,인천광역시,옹진군,124.7198955,37.9711566
ME26A,26년(1권역 일반),백령공영주차장(진촌1리),신규,신규 접수,인천광역시 옹진군 백령면 진촌리 701-6,15010,지자체,급속(200kW동시),2,0.9388263,2026-02-02 16:02,경제정책과,옹진군청,지자체,주차시설,공영주차장,,인천광역시,옹진군,124.7198955,37.9711566
ME26A,26년(1권역 일반),장봉선착장,신규,신규 접수,인천광역시 옹진군 북도면 장봉리 산 6-57,15010,지자체,급속(100kW단독),5,0,2026-02-02 16:02,경제정책과,옹진군청,지자체,주차시설,공영주차장,,인천광역시,옹진군,126.3838939,37.5318794
ME26A,26년(1권역 일반),옹암해수욕장,신규,신규 접수,인천광역시 옹진군 북도면 장봉리 59-12,15010,지자체,급속(200kW동시),4,0.318289,2026-02-02 16:02,경제정책과,옹진군청,지자체,주차시설,공영주차장,,인천광역시,옹진군,126.3727392,37.5300416
ME26A,26년(1권역 일반),옹암해수욕장,신규,신규 접수,인천광역시 옹진군 북도면 장봉리 59-12,15010,지자체,급속(200kW동시),4,0.318289,2026-02-02 16:02,경제정책과,옹진군청,지자체,주차시설,공영주차장,,인천광역시,옹진군,126.3727392,37.5300416
ME25A,25년(1권역 일반),아라파크웨이 공영주차장,신규,부지 사용 협약,인천광역시 계양구 평동 17-15,계양구 평동 35-23 일원 (아라파크웨이 공영주차장),지자체,급속(100kW단독),5,0,2026-03-31 13:03,충전인프라사업부,인천광역시,지자체,주차시설,공영주차장,,인천광역시,계양구,126.7733907,37.5834957
ME25A,25년(1권역 일반),아라파크웨이 공영주차장,신규,부지 사용 협약,인천광역시 계양구 평동 17-15,계양구 평동 35-23 일원 (아라파크웨이 공영주차장),지자체,급속(100kW단독),5,0,2026-03-31 13:03,충전인프라사업부,인천광역시,지자체,주차시설,공영주차장,,인천광역시,계양구,126.7733907,37.5834957
ME26A,26년(1권역 일반),함박마을공영주차장,신규,신규 접수,인천광역시 연수구 연수동 514,연수구 연수동 514 함박마을공영주차장,지자체,급속(100kW단독),2,0.6991756,2026-02-02 14:02,광역지자체,인천광역시,지자체,주차시설,공영주차장,,인천광역시,연수구,126.6827892,37.4261971
ME26A,26년(1권역 일반),함박마을공영주차장,신규,신규 접수,인천광역시 연수구 연수동 514,연수구 연수동 514 함박마을공영주차장,지자체,급속(100kW단독),2,0.6991756,2026-02-02 14:02,광역지자체,인천광역시,지자체,주차시설,공영주차장,,인천광역시,연수구,126.6827892,37.4261971
ME26A,26년(1권역 일반),함박마을공영주차장,신규,신규 접수,인천광역시 연수구 연수동 514,연수구 연수동 514 함박마을공영주차장,지자체,급속(100kW단독),2,0.6991756,2026-02-03 17:02,충전인프라사업부,인천광역시,지자체,주차시설,공영주차장,,인천광역시,연수구,126.6827892,37.4261971
ME25A,25년(1권역 일반),갈산2동행정복지센터,신규,현장 조사,"인천광역시 부평구 주부토로 173 (갈산동,갈산2동주민센터)",1층,지자체,급속(100kW단독),1,0.8429849,2026-02-27 08:02,이브이시스,갈산2동행정복지센터,지자체,공공시설,주민센터,,인천광역시,부평구,126.7257097,37.5107634
ME26A,26년(1권역 일반),강화군 생활체육센터,신규,신규 접수,인천광역시 강화군 선원면 신정리 700,강화군 생활체육센터,지자체,급속(100kW단독),2,0.9498668,2025-12-24 10:12,기초지자체,강화군청,지자체,공공시설,지자체시설,,인천광역시,강화군,126.509409,37.7299078
ME26A,26년(1권역 일반),인천환경공단 자원순환지원센터,신규,신규 접수,인천광역시 연수구 인천신항대로892번길 40 (송도동),인천환경공단 자원순환지원센터,지자체,급속(100kW단독),4,0.2,2025-12-12 16:12,에너지산업과,인천환경공단,지자체,공공시설,공공기관,,인천광역시,연수구,126.6185423,37.3513621
ME26A,26년(1권역 일반),인천환경공단 청라사업소 생태공원주차장,신규,신규 접수,"인천광역시 서구 로봇랜드로249번길 38 (청라동,청라생활폐기물소각처리시설)",생태공원주차장,지자체,급속(200kW동시),3,0.445435,2025-12-12 16:12,에너지산업과,인천환경공단,지자체,주차시설,공원주차장,,인천광역시,서구,126.6073482,37.5309753
ME26A,26년(1권역 일반),인천환경공단 청라사업소 생태공원주차장,신규,신규 접수,"인천광역시 서구 로봇랜드로249번길 38 (청라동,청라생활폐기물소각처리시설)",생태공원주차장,지자체,급속(200kW동시),3,0.445435,2025-12-12 16:12,에너지산업과,인천환경공단,지자체,주차시설,공원주차장,,인천광역시,서구,126.6073482,37.5309753
ME26A,26년(1권역 일반),인천환경공단 청라사업소 생태공원주차장,신규,신규 접수,"인천광역시 서구 로봇랜드로249번길 38 (청라동,청라생활폐기물소각처리시설)",생태공원주차장,지자체,급속(200kW동시),3,0.445435,2025-12-12 16:12,에너지산업과,인천환경공단,지자체,주차시설,공원주차장,,인천광역시,서구,126.6073482,37.5309753
ME26A,26년(1권역 일반),인천환경공단 청라사업소 생태공원주차장,신규,신규 접수,"인천광역시 서구 로봇랜드로249번길 38 (청라동,청라생활폐기물소각처리시설)",생태공원주차장,지자체,급속(200kW동시),3,0.445435,2025-12-12 16:12,에너지산업과,인천환경공단,지자체,주차시설,공원주차장,,인천광역시,서구,126.6073482,37.5309753
ME26A,26년(1권역 일반),인천환경공단 청라사업소 생태공원주차장,신규,신규 접수,,,지자체,급속(200kW동시),3,0.445435,2025-12-12 16:12,에너지산업과,인천환경공단,지자체,주차시설,공원주차장,,인천광역시,서구,126.6073482,37.5309753
ME26A,26년(1권역 일반),인천환경공단 청라사업소 생태공원주차장,신규,신규 접수,,,지자체,급속(200kW동시),3,0.445435,2025-12-12 16:12,에너지산업과,인천환경공단,지자체,주차시설,공원주차장,,인천광역시,서구,126.6073482,37.5309753
ME26A,26년(1권역 일반),인천환경공단 청라사업소 생태공원주차장,신규,신규 접수,,,지자체,급속(200kW동시),3,0.445435,2025-12-12 16:12,에너지산업과,인천환경공단,지자체,주차시설,공원주차장,,인천광역시,서구,126.6073482,37.5309753
ME26A,26년(1권역 일반),인천환경공단 청라사업소 생태공원주차장,신규,신규 접수,,,지자체,급속(200kW동시),3,0.445435,2025-12-12 16:12,에너지산업과,인천환경공단,지자체,주차시설,공원주차장,,인천광역시,서구,126.6073482,37.5309753
ME26A,26년(1권역 일반),인천환경공단 자원순환지원센터,신규,신규 접수,,,지자체,급속(100kW단독),4,0.2,2025-12-12 16:12,에너지산업과,인천환경공단 자원순환지원센터,지자체,공공시설,공공기관,,인천광역시,연수구,126.6185423,37.3513621
ME26A,26년(1권역 일반),부근리 공영주차장,신규,신규 접수,인천광역시 강화군 하점면 부근리 282,부근리 공영주차장,지자체,급속(200kW동시),2,0.8151521,2025-12-05 15:12,도로교통과,인천광역시 강화군,지자체,주차시설,공영주차장,,인천광역시,강화군,126.4367301,37.7687132
ME26A,26년(1권역 일반),부근리 공영주차장,신규,신규 접수,인천광역시 강화군 하점면 부근리 282,부근리 공영주차장,지자체,급속(200kW동시),2,0.8151521,2025-12-05 15:12,도로교통과,인천광역시 강화군,지자체,주차시설,공영주차장,,인천광역시,강화군,126.4367301,37.7687132
ME26A,26년(1권역 일반),부근리 공영주차장,신규,신규 접수,인천광역시 강화군 하점면 부근리 282,부근리 공영주차장,지자체,급속(100kW단독),2,0.8151521,2025-12-05 15:12,도로교통과,인천광역시 강화군,지자체,주차시설,공영주차장,,인천광역시,강화군,126.4367301,37.7687132
ME26A,26년(1권역 일반),황산도 공영주차장,신규,신규 접수,인천광역시 강화군 길상면 초지리 1331-32,황산도 공영주차장,지자체,급속(200kW동시),3,0.5132555,2025-12-05 15:12,도로교통과,인천광역시 강화군,지자체,주차시설,공영주차장,,인천광역시,강화군,126.5387936,37.6250192
ME26A,26년(1권역 일반),황산도 공영주차장,신규,신규 접수,인천광역시 강화군 길상면 초지리 1331-32,황산도 공영주차장,지자체,급속(200kW동시),3,0.5132555,2025-12-05 15:12,도로교통과,인천광역시 강화군,지자체,주차시설,공영주차장,,인천광역시,강화군,126.5387936,37.6250192
ME26A,26년(1권역 일반),황산도 공영주차장,신규,신규 접수,인천광역시 강화군 길상면 초지리 1331-32,황산도 공영주차장,지자체,급속(100kW단독),3,0.5132555,2025-12-05 15:12,도로교통과,인천광역시 강화군,지자체,주차시설,공영주차장,,인천광역시,강화군,126.5387936,37.6250192
ME26A,26년(1권역 일반),강화읍 남문 공영주차장,신규,신규 접수,인천광역시 강화군 강화읍 신문리 4-1,남문 공영주차장,지자체,급속(200kW동시),1,0.9755697,2025-12-05 15:12,도로교통과,인천광역시 강화군,지자체,주차시설,공영주차장,,인천광역시,강화군,126.4857884,37.7457906
ME26A,26년(1권역 일반),강화읍 남문 공영주차장,신규,신규 접수,인천광역시 강화군 강화읍 신문리 4-1,남문 공영주차장,지자체,급속(200kW동시),1,0.9755697,2025-12-05 15:12,도로교통과,인천광역시 강화군,지자체,주차시설,공영주차장,,인천광역시,강화군,126.4857884,37.7457906
ME26A,26년(1권역 일반),하나개해수욕장 공영주차장,신규,신규 접수,인천광역시 중구 하나개로 129 (무의동),하나개해수욕장 공영주차장,지자체,급속(200kW동시),5,0,2025-12-04 15:12,교통과,인천광역시 중구청,지자체,주차시설,공영주차장,,인천광역시,중구,126.4124655,37.3848515
ME26A,26년(1권역 일반),하나개해수욕장 공영주차장,신규,신규 접수,인천광역시 중구 하나개로 129 (무의동),하나개해수욕장 공영주차장,지자체,급속(200kW동시),5,0,2025-12-04 15:12,교통과,인천광역시 중구청,지자체,주차시설,공영주차장,,인천광역시,중구,126.4124655,37.3848515
ME26A,26년(1권역 일반),하나개해수욕장 공영주차장,신규,신규 접수,인천광역시 중구 하나개로 129 (무의동),하나개해수욕장 공영주차장,지자체,급속(200kW동시),5,0,2025-12-04 15:12,교통과,인천광역시 중구청,지자체,주차시설,공영주차장,,인천광역시,중구,126.4124655,37.3848515
ME26A,26년(1권역 일반),하나개해수욕장 공영주차장,신규,신규 접수,인천광역시 중구 하나개로 129 (무의동),하나개해수욕장 공영주차장,지자체,급속(200kW동시),5,0,2025-12-04 15:12,교통과,인천광역시 중구청,지자체,주차시설,공영주차장,,인천광역시,중구,126.4124655,37.3848515
ME26A,26년(1권역 일반),무의(광명항) 공영주차장,신규,신규 접수,인천광역시 중구 무의동 50-18,무의(광명항) 공영주차장,지자체,급속(200kW동시),3,0.3987098,2025-12-04 15:12,교통과,인천광역시 중구청,지자체,주차시설,공영주차장,,인천광역시,중구,126.4329017,37.3791529
ME26A,26년(1권역 일반),무의(광명항) 공영주차장,신규,신규 접수,인천광역시 중구 무의동 50-18,무의(광명항) 공영주차장,지자체,급속(200kW동시),3,0.3987098,2025-12-04 15:12,교통과,인천광역시 중구청,지자체,주차시설,공영주차장,,인천광역시,중구,126.4329017,37.3791529
ME26A,26년(1권역 일반),무의(광명항) 공영주차장,신규,신규 접수,인천광역시 중구 무의동 50-18,무의(광명항) 공영주차장,지자체,급속(200kW동시),3,0.3987098,2025-12-04 15:12,교통과,인천광역시 중구청,지자체,주차시설,공영주차장,,인천광역시,중구,126.4329017,37.3791529
ME26A,26년(1권역 일반),무의(광명항) 공영주차장,신규,신규 접수,인천광역시 중구 무의동 50-18,무의(광명항) 공영주차장,지자체,급속(200kW동시),3,0.3987098,2025-12-04 15:12,교통과,인천광역시 중구청,지자체,주차시설,공영주차장,,인천광역시,중구,126.4329017,37.3791529
ME26A,26년(1권역 일반),무의대교 공영주차장,신규,신규 접수,인천광역시 중구 무의동 산 10-12,무의대교 공영주차장,지자체,급속(200kW동시),5,0,2025-12-04 15:12,교통과,인천광역시중구청,국가,주차시설,공영주차장,공유수면,인천광역시,중구,126.4111786,37.410475
ME26A,26년(1권역 일반),무의대교 공영주차장,신규,신규 접수,인천광역시 중구 무의동 산 10-12,무의대교 공영주차장,지자체,급속(200kW동시),5,0,2025-12-04 15:12,교통과,인천광역시중구청,국가,주차시설,공영주차장,공유수면,인천광역시,중구,126.4111786,37.410475
ME26A,26년(1권역 일반),무의대교 공영주차장,신규,신규 접수,인천광역시 중구 무의동 산 10-12,무의대교 공영주차장,지자체,급속(200kW동시),5,0,2025-12-04 15:12,교통과,인천광역시중구청,국가,주차시설,공영주차장,공유수면,인천광역시,중구,126.4111786,37.410475
ME26A,26년(1권역 일반),무의대교 공영주차장,신규,신규 접수,인천광역시 중구 무의동 산 10-12,무의대교 공영주차장,지자체,급속(200kW동시),5,0,2025-12-04 15:12,교통과,인천광역시중구청,국가,주차시설,공영주차장,공유수면,인천광역시,중구,126.4111786,37.410475
ME26A,26년(1권역 일반),선녀바위 공영주차장,신규,신규 접수,인천광역시 중구 을왕동 678-180,선녀바위 공영주차장,지자체,급속(200kW동시),3,0.4413656,2025-12-04 15:12,교통과,인천광역시 중구청,지자체,주차시설,공영주차장,,인천광역시,중구,126.3798453,37.4393979
ME26A,26년(1권역 일반),선녀바위 공영주차장,신규,신규 접수,인천광역시 중구 을왕동 678-180,선녀바위 공영주차장,지자체,급속(200kW동시),3,0.4413656,2025-12-04 15:12,교통과,인천광역시 중구청,지자체,주차시설,공영주차장,,인천광역시,중구,126.3798453,37.4393979
ME26A,26년(1권역 일반),선녀바위 공영주차장,신규,신규 접수,인천광역시 중구 을왕동 678-180,선녀바위 공영주차장,지자체,급속(200kW동시),3,0.4413656,2025-12-04 15:12,교통과,인천광역시 중구청,지자체,주차시설,공영주차장,,인천광역시,중구,126.3798453,37.4393979
ME26A,26년(1권역 일반),선녀바위 공영주차장,신규,신규 접수,인천광역시 중구 을왕동 678-180,선녀바위 공영주차장,지자체,급속(200kW동시),3,0.4413656,2025-12-04 15:12,교통과,인천광역시 중구청,지자체,주차시설,공영주차장,,인천광역시,중구,126.3798453,37.4393979
ME26A,26년(1권역 일반),을왕리 해수욕장 공영주차장,신규,신규 접수,인천광역시 중구 을왕동 714,을왕리 공영주차장,지자체,급속(200kW동시),3,0.4413656,2025-12-04 15:12,교통과,인천광역시중구청,지자체,주차시설,공영주차장,,인천광역시,중구,126.3752409,37.4447873
ME26A,26년(1권역 일반),을왕리 해수욕장 공영주차장,신규,신규 접수,인천광역시 중구 을왕동 714,을왕리 공영주차장,지자체,급속(200kW동시),3,0.4413656,2025-12-04 15:12,교통과,인천광역시중구청,지자체,주차시설,공영주차장,,인천광역시,중구,126.3752409,37.4447873
ME26A,26년(1권역 일반),을왕리 해수욕장 공영주차장,신규,신규 접수,인천광역시 중구 을왕동 714,을왕리 공영주차장,지자체,급속(200kW동시),3,0.4413656,2025-12-04 15:12,교통과,인천광역시중구청,지자체,주차시설,공영주차장,,인천광역시,중구,126.3752409,37.4447873
ME26A,26년(1권역 일반),을왕리 해수욕장 공영주차장,신규,신규 접수,인천광역시 중구 을왕동 714,을왕리 공영주차장,지자체,급속(200kW동시),3,0.4413656,2025-12-04 15:12,교통과,인천광역시중구청,지자체,주차시설,공영주차장,,인천광역시,중구,126.3752409,37.4447873
ME26A,26년(1권역 일반),구월1동,신규,신규 접수,"인천광역시 남동구 선수촌공원로 104 (구월동,구월1동복합청사)",구월1동행정복지센터,지자체,급속(100kW단독),1,0.8052317,2025-12-04 13:12,생활경제과,남동구청,지자체,공공시설,주민센터,,인천광역시,남동구,126.7124873,37.4476489
ME26A,26년(1권역 일반),해오름근린공원(아트홀),신규,신규 접수,인천광역시 남동구 논현동 767-6,해오름근린공원(아트홀),지자체,급속(200kW동시),2,0.6732242,2025-12-04 13:12,생활경제과,남동구청,지자체,공공시설,지자체시설,,인천광역시,남동구,126.725955,37.3883977
ME26A,26년(1권역 일반),해오름근린공원(아트홀),신규,신규 접수,인천광역시 남동구 논현동 767-6,해오름근린공원(아트홀),지자체,급속(200kW동시),2,0.6732242,2025-12-04 13:12,생활경제과,남동구청,지자체,공공시설,지자체시설,,인천광역시,남동구,126.725955,37.3883977
ME26A,26년(1권역 일반),늘솔길근린공원(늘솔길호수),신규,신규 접수,인천광역시 남동구 논현동 738-8,늘솔길근린공원(늘솔길호수),지자체,급속(200kW동시),2,0.6732242,2025-12-04 13:12,생활경제과,남동구청,지자체,공공시설,지자체시설,,인천광역시,남동구,126.7212105,37.3934727
ME26A,26년(1권역 일반),늘솔길근린공원(늘솔길호수),신규,신규 접수,인천광역시 남동구 논현동 738-8,늘솔길근린공원(늘솔길호수),지자체,급속(200kW동시),2,0.6732242,2025-12-04 13:12,생활경제과,남동구청,지자체,공공시설,지자체시설,,인천광역시,남동구,126.7212105,37.3934727
ME26A,26년(1권역 일반),늘솔길근린공원(양떼목장),신규,신규 접수,인천광역시 남동구 논현동 738-8,늘솔길근린공원(양떼목장),지자체,급속(200kW동시),2,0.6732242,2025-12-04 13:12,생활경제과,남동구청,지자체,공공시설,지자체시설,,인천광역시,남동구,126.7212105,37.3934727
ME26A,26년(1권역 일반),늘솔길근린공원(양떼목장),신규,신규 접수,인천광역시 남동구 논현동 738-8,늘솔길근린공원(양떼목장),지자체,급속(200kW동시),2,0.6732242,2025-12-04 13:12,생활경제과,남동구청,지자체,공공시설,지자체시설,,인천광역시,남동구,126.7212105,37.3934727
ME26A,26년(1권역 일반),논현포대근린공원(운동장),신규,신규 접수,인천광역시 남동구 논현동 578-1,논현포대근린공원(운동장),지자체,급속(200kW동시),2,0.6273921,2025-12-04 13:12,생활경제과,남동구청,지자체,공공시설,지자체시설,,인천광역시,남동구,126.7086517,37.4080703
ME26A,26년(1권역 일반),논현포대근린공원(운동장),신규,신규 접수,인천광역시 남동구 논현동 578-1,논현포대근린공원(운동장),지자체,급속(200kW동시),2,0.6273921,2025-12-04 13:12,생활경제과,남동구청,지자체,공공시설,지자체시설,,인천광역시,남동구,126.7086517,37.4080703
ME26A,26년(1권역 일반),간석1동 행정복지센터,신규,신규 접수,인천광역시 남동구 구월로131번길 38 (간석동),간석1동 행정복지센터,지자체,급속(100kW단독),1,0.7977941,2025-12-04 13:12,생활경제과,남동구청,지자체,공공시설,주민센터,,인천광역시,남동구,126.7053381,37.4586436
ME26A,26년(1권역 일반),남동국민체육센터,신규,신규 접수,"인천광역시 남동구 백범로124번길 94 (만수동,남동국민체육센터)",남동국민체육센터,지자체,급속(200kW동시),1,0.8136106,2025-12-04 13:12,생활경제과,남동구청,지자체,공공시설,지자체시설,,인천광역시,남동구,126.7365707,37.458342
ME26A,26년(1권역 일반),남동국민체육센터,신규,신규 접수,"인천광역시 남동구 백범로124번길 94 (만수동,남동국민체육센터)",남동국민체육센터,지자체,급속(200kW동시),1,0.8136106,2025-12-04 13:12,생활경제과,남동구청,지자체,공공시설,지자체시설,,인천광역시,남동구,126.7365707,37.458342
ME26A,26년(1권역 일반),수도권문화유산연구센터,신규,신규 접수,인천광역시 강화군 길상면 해안남로65번길 35-18,수도권문화유산연구센터,공공,급속(200kW동시),3,0.5132555,2025-12-04 09:12,국가유산청,국가유산청,국가,공공시설,관공서,,인천광역시,강화군,126.5375105,37.623939
ME26A,26년(1권역 일반),수도권문화유산연구센터,신규,신규 접수,인천광역시 강화군 길상면 해안남로65번길 35-18,수도권문화유산연구센터,공공,급속(200kW동시),3,0.5132555,2025-12-04 09:12,국가유산청,국가유산청,국가,공공시설,관공서,,인천광역시,강화군,126.5375105,37.623939
ME26A,26년(1권역 일반),수도권문화유산연구센터,신규,신규 접수,인천광역시 강화군 길상면 해안남로65번길 35-18,수도권문화유산연구센터,공공,급속(200kW동시),3,0.5132555,2025-12-04 09:12,국가유산청,국가유산청,국가,공공시설,관공서,,인천광역시,강화군,126.5375105,37.623939
ME26A,26년(1권역 일반),수도권문화유산연구센터,신규,신규 접수,인천광역시 강화군 길상면 해안남로65번길 35-18,수도권문화유산연구센터,공공,급속(200kW동시),3,0.5132555,2025-12-04 09:12,국가유산청,국가유산청,국가,공공시설,관공서,,인천광역시,강화군,126.5375105,37.623939
ME26A,26년(1권역 일반),동구문화체육센터,신규,신규 접수,인천광역시 동구 송림로110번길 5-8 (송림동),동구문화체육센터,지자체,급속(200kW동시),1,0.7466854,2025-11-21 11:11,일자리경제과,인천광역시 동구 ,지자체,교육문화시설,공연장,,인천광역시,동구,126.6475431,37.4757664
ME26A,26년(1권역 일반),동구문화체육센터,신규,신규 접수,인천광역시 동구 송림로110번길 5-8 (송림동),동구문화체육센터,지자체,급속(200kW동시),1,0.7466854,2025-11-21 11:11,일자리경제과,인천광역시 동구 ,지자체,교육문화시설,공연장,,인천광역시,동구,126.6475431,37.4757664
ME26A,26년(1권역 일반),강화풍물시장노외주차장 충전소,신규,신규 접수,인천광역시 강화군 강화읍 갑곳리 835-3,,지자체,급속(200kW동시),1,0.9635403,2025-12-10 13:12,경제교통과,강화군청,지자체,주차시설,공영주차장,,인천광역시,강화군,126.493336,37.7419635
ME26A,26년(1권역 일반),강화풍물시장노외주차장 충전소,신규,신규 접수,인천광역시 강화군 강화읍 갑곳리 835-3,,지자체,급속(200kW동시),1,0.9635403,2025-12-10 13:12,경제교통과,강화군청,지자체,주차시설,공영주차장,,인천광역시,강화군,126.493336,37.7419635
ME26A,26년(1권역 일반),강화풍물시장노외주차장 충전소,신규,신규 접수,인천광역시 강화군 강화읍 갑곳리 835-3,,지자체,급속(200kW동시),1,0.9635403,2025-12-10 13:12,경제교통과,강화군청,지자체,주차시설,공영주차장,,인천광역시,강화군,126.493336,37.7419635
ME26A,26년(1권역 일반),강화풍물시장노외주차장 충전소,신규,신규 접수,인천광역시 강화군 강화읍 갑곳리 835-3,,지자체,급속(200kW동시),1,0.9635403,2025-12-10 13:12,경제교통과,강화군청,지자체,주차시설,공영주차장,,인천광역시,강화군,126.493336,37.7419635
ME26A,26년(1권역 일반),경인교대 환승,신규,신규 접수,인천광역시 계양구 계양대로163번길 3 (계산동),경인교대환승,지자체,급속(200kW동시),1,0.8793672,2025-11-14 13:11,교통행정과,계양구청,지자체,주차시설,공영주차장,,인천광역시,계양구,126.7220691,37.5384247
ME26A,26년(1권역 일반),경인교대 환승,신규,신규 접수,인천광역시 계양구 계양대로163번길 3 (계산동),경인교대환승,지자체,급속(200kW동시),1,0.8793672,2025-11-14 13:11,교통행정과,계양구청,지자체,주차시설,공영주차장,,인천광역시,계양구,126.7220691,37.5384247
ME25A,25년(1권역 일반),한국산업단지공단 남동지식산업센터 2,신규,공사,인천광역시 남동구 남동동로 84 (고잔동),인천광역시  남동구 남동동로84(고잔동722) 남동지식산업센터,공공,급속(100kW단독),2,0.6677023,2025-11-07 14:11,충전인프라사업부,한국산업단지공단,공공,공공시설,공공기관,,인천광역시,남동구,126.6966864,37.3927099
ME25A,25년(1권역 일반),국립생물자원관,신규,공사,인천광역시 서구 오류동 1801,국립생물자원관,공공,급속(100kW단독),2,0.6008437,2025-12-05 15:12,충전인프라사업부,국립생물자원관,국가,공공시설,관공서,,인천광역시,서구,126.6369886,37.5654271
ME25A,25년(1권역 일반),한국산업단지공단 남동공동물류센터,신규,미선정,인천광역시 남동구 호구포로14번길 66 (고잔동),한국산업단지공단 남동공동물류센터,공공,급속(200kW동시),2,0.6589282,2025-09-11 17:09,충전인프라사업부,한국산업단지공단 ,공공,기타시설,기타,,인천광역시,남동구,126.7019385,37.3854793
ME25A,25년(1권역 일반),한국산업단지공단 남동공동물류센터,신규,미선정,인천광역시 남동구 호구포로14번길 66 (고잔동),한국산업단지공단 남동공동물류센터,공공,급속(200kW동시),2,0.6589282,2025-09-11 17:09,충전인프라사업부,한국산업단지공단 ,공공,기타시설,기타,,인천광역시,남동구,126.7019385,37.3854793
ME25A,25년(1권역 일반),한국산업단지공단 후생시설,신규,공사,인천광역시 남동구 논현동 447-1,한국산업단지공단 후생시설,공공,급속(100kW단독),2,0.6780977,2025-11-18 09:11,충전인프라사업부,한국산업단지공단 ,공공,상업시설,음식점,,인천광역시,남동구,126.695957,37.4083862
ME25A,25년(1권역 일반),한국산업단지공단 차량지원시설,신규,공사,인천광역시 남동구 남동대로 322 (논현동),한국산업단지공단 차량지원시설,공공,급속(100kW단독),2,0.6533999,2025-10-29 17:10,충전인프라사업부,한국산업단지공단 ,공공,기타시설,기타,,인천광역시,남동구,126.704544,37.4119401
ME25A,25년(1권역 일반),한국산업단지공단 남동지식산업센터 1,신규,공사,인천광역시 남동구 남동동로 84 (고잔동),한국산업단지공단 남동지식산업센터,공공,급속(100kW단독),2,0.6677023,2025-12-05 15:12,충전인프라사업부,한국산업단지공단 ,공공,공공시설,공공기관,,인천광역시,남동구,126.6966864,37.3927099
ME25A,25년(1권역 일반),한국산업단지공단 남동지식산업센터 1,신규,공사,인천광역시 남동구 남동동로 84 (고잔동),한국산업단지공단 남동지식산업센터,공공,급속(100kW단독),2,0.6677023,2025-12-05 15:12,충전인프라사업부,한국산업단지공단 ,공공,공공시설,공공기관,,인천광역시,남동구,126.6966864,37.3927099
ME25A,25년(1권역 일반),한국산업단지공단 남동지식산업센터 1,신규,공사,인천광역시 남동구 남동동로 84 (고잔동),한국산업단지공단 남동지식산업센터,공공,급속(100kW단독),2,0.6677023,2025-12-05 15:12,충전인프라사업부,한국산업단지공단 ,공공,공공시설,공공기관,,인천광역시,남동구,126.6966864,37.3927099
ME25A,25년(1권역 일반),한국산업단지공단 남동지식산업센터 1,신규,공사,인천광역시 남동구 남동동로 84 (고잔동),한국산업단지공단 남동지식산업센터,공공,급속(100kW단독),2,0.6677023,2025-12-05 15:12,충전인프라사업부,한국산업단지공단 ,공공,공공시설,공공기관,,인천광역시,남동구,126.6966864,37.3927099
ME25A,25년(1권역 일반),한국산업단지공단 인천지역본부 청사,신규,공사,인천광역시 남동구 남동대로 217 (고잔동),한국산업단지공단 인천지역본부,공공,급속(200kW동시),2,0.6780977,2025-11-07 14:11,충전인프라사업부,한국산업단지공단 ,공공,공공시설,관공서,,인천광역시,남동구,126.6973022,37.4049514
ME25A,25년(1권역 일반),한국산업단지공단 인천지역본부 청사,신규,공사,인천광역시 남동구 남동대로 217 (고잔동),한국산업단지공단 인천지역본부,공공,급속(200kW동시),2,0.6780977,2025-11-07 14:11,충전인프라사업부,한국산업단지공단 ,공공,공공시설,관공서,,인천광역시,남동구,126.6973022,37.4049514
ME25A,25년(1권역 일반),한국산업단지공단 인천지역본부 청사,신규,공사,인천광역시 남동구 남동대로 217 (고잔동),한국산업단지공단 인천지역본부,공공,급속(200kW동시),2,0.6780977,2025-11-07 14:11,충전인프라사업부,한국산업단지공단 ,공공,공공시설,관공서,,인천광역시,남동구,126.6973022,37.4049514
ME25A,25년(1권역 일반),한국산업단지공단 인천지역본부 청사,신규,공사,인천광역시 남동구 남동대로 217 (고잔동),한국산업단지공단 인천지역본부,공공,급속(200kW동시),2,0.6780977,2025-11-07 14:11,충전인프라사업부,한국산업단지공단 ,공공,공공시설,관공서,,인천광역시,남동구,126.6973022,37.4049514
ME25A,25년(1권역 일반),E-share 성동원,신규,공사,인천광역시 부평구 부평동 756-88,.,민간,급속(100kW단독),1,0.7520082,2025-12-11 10:12,충전인프라사업부,월드비전,민간,기타시설,기타,,인천광역시,부평구,126.7182825,37.4848643
ME25A,25년(1권역 일반),E-share 강화군장애인복지관,신규,공사,인천광역시 강화군 강화읍 남산리 357-4, ,민간,급속(100kW단독),1,0.9704014,2025-12-11 10:12,충전인프라사업부,월드비전,지자체,근린생활시설,복지관,,인천광역시,강화군,126.4816011,37.7355122
ME25A,25년(1권역 일반),E-share 동심원,신규,공사,인천광역시 연수구 동춘동 325-4, ,민간,급속(100kW단독),2,0.7053034,2025-12-11 10:12,충전인프라사업부,월드비전,민간,기타시설,기타,,인천광역시,연수구,126.6650127,37.4058137
ME25A,25년(1권역 일반),영흥늘푸른센터,신규,공사,인천광역시 옹진군 영흥면 내리 1867,,지자체,급속(200kW동시),3,0.5397156,2025-12-05 15:12,충전인프라사업부,옹진군,지자체,근린생활시설,복지관,,인천광역시,옹진군,126.4935813,37.2588475
ME25A,25년(1권역 일반),영흥늘푸른센터,신규,공사,인천광역시 옹진군 영흥면 내리 1867,,지자체,급속(200kW동시),3,0.5397156,2025-12-05 15:12,충전인프라사업부,옹진군,지자체,근린생활시설,복지관,,인천광역시,옹진군,126.4935813,37.2588475
ME25A,25년(1권역 일반),영흥늘푸른센터,신규,공사,인천광역시 옹진군 영흥면 내리 1867,,지자체,급속(200kW동시),3,0.5397156,2025-12-05 15:12,충전인프라사업부,옹진군,지자체,근린생활시설,복지관,,인천광역시,옹진군,126.4935813,37.2588475
ME25A,25년(1권역 일반),영흥늘푸른센터,신규,공사,인천광역시 옹진군 영흥면 내리 1867,,지자체,급속(200kW동시),3,0.5397156,2025-12-05 15:12,충전인프라사업부,옹진군,지자체,근린생활시설,복지관,,인천광역시,옹진군,126.4935813,37.2588475
ME25A,25년(1권역 일반),을왕리 공영주차장,신규,미선정,인천광역시 중구 을왕동 714,,지자체,급속(100kW단독),3,0.4413656,2025-09-29 15:09,충전인프라사업부,인천 중구청,지자체,주차시설,공영주차장,,인천광역시,중구,126.3752409,37.4447873
ME25A,25년(1권역 일반),하나개해수욕장 공영주차장,신규,미선정,인천광역시 중구 무의동 84,,지자체,급속(100kW단독),5,0,2025-09-29 15:09,충전인프라사업부,인천 중구청,지자체,주차시설,공영주차장,,인천광역시,중구,126.4124655,37.3848515
ME25A,25년(1권역 일반),무의(광명항) 공영주차장,신규,미선정,인천광역시 중구 무의동 50-10,,지자체,급속(100kW단독),3,0.3987098,2025-09-29 15:09,충전인프라사업부,인천 중구청,지자체,주차시설,공영주차장,,인천광역시,중구,126.4338584,37.3797687
ME25A,25년(1권역 일반),무의대교 공영주차장,신규,미선정,인천광역시 중구 무의동 산 10-12,,지자체,급속(100kW단독),5,0,2025-09-29 15:09,충전인프라사업부,인천 중구청,지자체,주차시설,공영주차장,공유수면,인천광역시,중구,126.4111786,37.410475
ME25A,25년(1권역 일반),선녀바위해변 공영주차장,신규,미선정,인천광역시 중구 을왕동 678-180,,지자체,급속(100kW단독),3,0.4413656,2025-09-29 15:09,충전인프라사업부,인천 중구청,지자체,주차시설,공영주차장,,인천광역시,중구,126.3798453,37.4393979
ME25A,25년(1권역 일반),소래산,신규,미선정,인천광역시 남동구 장수동 114-1,소래산,지자체,급속(100kW단독),2,0.5943649,2025-09-08 13:09,충전인프라사업부,남동구청,국가,주차시설,공영주차장,건축재해위험지역,인천광역시,남동구,126.7699899,37.4595332
ME25A,25년(1권역 일반),소래산,신규,미선정,인천광역시 남동구 장수동 114-1,소래산,지자체,급속(100kW단독),2,0.5943649,2025-09-08 13:09,충전인프라사업부,남동구청,국가,주차시설,공영주차장,건축재해위험지역,인천광역시,남동구,126.7699899,37.4595332
ME25A,25년(1권역 일반),소래산,신규,미선정,인천광역시 남동구 장수동 114-1,소래산,지자체,급속(100kW단독),2,0.5943649,2025-09-08 13:09,충전인프라사업부,남동구청,국가,주차시설,공영주차장,건축재해위험지역,인천광역시,남동구,126.7699899,37.4595332
ME25A,25년(1권역 일반),소래산,신규,미선정,인천광역시 남동구 장수동 114-1,소래산,지자체,급속(100kW단독),2,0.5943649,2025-09-08 13:09,충전인프라사업부,남동구청,국가,주차시설,공영주차장,건축재해위험지역,인천광역시,남동구,126.7699899,37.4595332
ME25A,25년(1권역 일반),소래제1,신규,미선정,인천광역시 남동구 논현동 754-4,소래제1,지자체,급속(100kW단독),2,0.6776913,2025-09-18 18:09,충전인프라사업부,남동구청,지자체,주차시설,공영주차장,,인천광역시,남동구,126.7363888,37.3978092
ME25A,25년(1권역 일반),소래제1,신규,미선정,인천광역시 남동구 논현동 754-4,소래제1,지자체,급속(100kW단독),2,0.6776913,2025-09-18 18:09,충전인프라사업부,남동구청,지자체,주차시설,공영주차장,,인천광역시,남동구,126.7363888,37.3978092
ME25A,25년(1권역 일반),소래제1,신규,미선정,인천광역시 남동구 논현동 754-4,소래제1,지자체,급속(100kW단독),2,0.6776913,2025-09-18 18:09,충전인프라사업부,남동구청,지자체,주차시설,공영주차장,,인천광역시,남동구,126.7363888,37.3978092
ME25A,25년(1권역 일반),소래제1,신규,미선정,인천광역시 남동구 논현동 754-4,소래제1,지자체,급속(100kW단독),2,0.6776913,2025-09-18 18:09,충전인프라사업부,남동구청,지자체,주차시설,공영주차장,,인천광역시,남동구,126.7363888,37.3978092
ME25A,25년(1권역 일반),논현제5,신규,미선정,인천광역시 남동구 논현동 742-1,논현제5,지자체,급속(100kW단독),2,0.7083026,2025-09-08 14:09,충전인프라사업부,남동구청,지자체,주차시설,공영주차장,,인천광역시,남동구,126.7235513,37.3998446
ME25A,25년(1권역 일반),논현제5,신규,미선정,인천광역시 남동구 논현동 742-1,논현제5,지자체,급속(100kW단독),2,0.7083026,2025-09-08 14:09,충전인프라사업부,남동구청,지자체,주차시설,공영주차장,,인천광역시,남동구,126.7235513,37.3998446
ME25A,25년(1권역 일반),논현제5,신규,미선정,인천광역시 남동구 논현동 742-1,논현제5,지자체,급속(100kW단독),2,0.7083026,2025-09-08 14:09,충전인프라사업부,남동구청,지자체,주차시설,공영주차장,,인천광역시,남동구,126.7235513,37.3998446
ME25A,25년(1권역 일반),논현제5,신규,미선정,인천광역시 남동구 논현동 742-1,논현제5,지자체,급속(100kW단독),2,0.7083026,2025-09-08 14:09,충전인프라사업부,남동구청,지자체,주차시설,공영주차장,,인천광역시,남동구,126.7235513,37.3998446
ME25A,25년(1권역 일반),만수복개천3,신규,미선정,인천광역시 남동구 구월동 1310,만수복개천3,지자체,급속(100kW단독),1,0.8379829,2025-09-08 13:09,충전인프라사업부,남동구청,지자체,주차시설,공영주차장,,인천광역시,남동구,126.726195,37.4504837
ME25A,25년(1권역 일반),만수복개천3,신규,미선정,인천광역시 남동구 구월동 1310,만수복개천3,지자체,급속(100kW단독),1,0.8379829,2025-09-08 13:09,충전인프라사업부,남동구청,지자체,주차시설,공영주차장,,인천광역시,남동구,126.726195,37.4504837
ME25A,25년(1권역 일반),만수복개천3,신규,미선정,인천광역시 남동구 구월동 1310,만수복개천3,지자체,급속(100kW단독),1,0.8379829,2025-09-08 13:09,충전인프라사업부,남동구청,지자체,주차시설,공영주차장,,인천광역시,남동구,126.726195,37.4504837
ME25A,25년(1권역 일반),만수복개천3,신규,미선정,인천광역시 남동구 구월동 1310,만수복개천3,지자체,급속(100kW단독),1,0.8379829,2025-09-08 13:09,충전인프라사업부,남동구청,지자체,주차시설,공영주차장,,인천광역시,남동구,126.726195,37.4504837
ME25A,25년(1권역 일반),돌산마루제1호,신규,미선정,인천광역시 남동구 간석동 940-1,돌산마루제1호,지자체,급속(100kW단독),1,0.791788,2025-09-08 14:09,충전인프라사업부,남동구청,지자체,주차시설,공영주차장,,인천광역시,남동구,126.7182406,37.464522
ME25A,25년(1권역 일반),돌산마루제1호,신규,미선정,인천광역시 남동구 간석동 940-1,돌산마루제1호,지자체,급속(100kW단독),1,0.791788,2025-09-08 14:09,충전인프라사업부,남동구청,지자체,주차시설,공영주차장,,인천광역시,남동구,126.7182406,37.464522
ME25A,25년(1권역 일반),돌산마루제1호,신규,미선정,인천광역시 남동구 간석동 940-1,돌산마루제1호,지자체,급속(100kW단독),1,0.791788,2025-09-08 14:09,충전인프라사업부,남동구청,지자체,주차시설,공영주차장,,인천광역시,남동구,126.7182406,37.464522
ME25A,25년(1권역 일반),돌산마루제1호,신규,미선정,인천광역시 남동구 간석동 940-1,돌산마루제1호,지자체,급속(100kW단독),1,0.791788,2025-09-08 14:09,충전인프라사업부,남동구청,지자체,주차시설,공영주차장,,인천광역시,남동구,126.7182406,37.464522
ME25A,25년(1권역 일반),만수복개천1,신규,미선정,인천광역시 남동구 구월동 1324-7,만수복개천1,지자체,급속(100kW단독),1,0.8379829,2025-10-20 17:10,충전인프라사업부,남동구청,지자체,주차시설,공영주차장,,인천광역시,남동구,126.7235805,37.4546483
ME25A,25년(1권역 일반),만수복개천1,신규,미선정,인천광역시 남동구 구월동 1324-7,만수복개천1,지자체,급속(100kW단독),1,0.8379829,2025-10-20 17:10,충전인프라사업부,남동구청,지자체,주차시설,공영주차장,,인천광역시,남동구,126.7235805,37.4546483
ME25A,25년(1권역 일반),만수복개천1,신규,미선정,인천광역시 남동구 구월동 1324-7,만수복개천1,지자체,급속(100kW단독),1,0.8379829,2025-10-20 17:10,충전인프라사업부,남동구청,지자체,주차시설,공영주차장,,인천광역시,남동구,126.7235805,37.4546483
ME25A,25년(1권역 일반),만수복개천2,신규,미선정,인천광역시 남동구 만수동 920-2,만수복개천2,지자체,급속(100kW단독),1,0.8379829,2025-10-20 17:10,충전인프라사업부,남동구청,지자체,주차시설,공영주차장,,인천광역시,남동구,126.7253194,37.4538445
ME25A,25년(1권역 일반),소래제2,신규,미선정,인천광역시 남동구 논현동 750-2,소래제2,지자체,급속(100kW단독),2,0.6776913,2025-09-18 18:09,충전인프라사업부,남동구청,지자체,주차시설,공영주차장,,인천광역시,남동구,126.7347635,37.3997297
ME25A,25년(1권역 일반),소래제2,신규,미선정,인천광역시 남동구 논현동 750-2,소래제2,지자체,급속(100kW단독),2,0.6776913,2025-09-18 18:09,충전인프라사업부,남동구청,지자체,주차시설,공영주차장,,인천광역시,남동구,126.7347635,37.3997297
ME25A,25년(1권역 일반),소래제2,신규,미선정,인천광역시 남동구 논현동 750-2,소래제2,지자체,급속(100kW단독),2,0.6776913,2025-09-18 18:09,충전인프라사업부,남동구청,지자체,주차시설,공영주차장,,인천광역시,남동구,126.7347635,37.3997297
ME25A,25년(1권역 일반),소래제3,신규,부지 사용 협약 불가,인천광역시 남동구 논현동 749-3,소래제3,지자체,급속(100kW단독),2,0.6776913,2025-12-01 15:12,충전인프라사업부,남동구청,지자체,주차시설,공영주차장,,인천광역시,남동구,126.7319148,37.4011283
ME25A,25년(1권역 일반),만수복개천4,신규,미선정,인천광역시 남동구 구월동 1317,만수복개천4,지자체,급속(100kW단독),1,0.8379829,2025-10-20 17:10,충전인프라사업부,남동구청,지자체,주차시설,공영주차장,,인천광역시,남동구,126.7277123,37.4494209
ME25A,25년(1권역 일반),만수복개천4,신규,미선정,인천광역시 남동구 구월동 1317,만수복개천4,지자체,급속(100kW단독),1,0.8379829,2025-10-20 17:10,충전인프라사업부,남동구청,지자체,주차시설,공영주차장,,인천광역시,남동구,126.7277123,37.4494209
ME25A,25년(1권역 일반),남동공단1호,신규,미선정,인천광역시 남동구 남촌동 624-14,남동공단1호,지자체,급속(100kW단독),2,0.6533999,2025-09-08 13:09,충전인프라사업부,남동구청,지자체,주차시설,공영주차장,,인천광역시,남동구,126.7040077,37.415274
ME25A,25년(1권역 일반),남동공단1호,신규,미선정,인천광역시 남동구 남촌동 624-14,남동공단1호,지자체,급속(100kW단독),2,0.6533999,2025-09-08 13:09,충전인프라사업부,남동구청,지자체,주차시설,공영주차장,,인천광역시,남동구,126.7040077,37.415274
ME25A,25년(1권역 일반),남동공단1호,신규,미선정,인천광역시 남동구 남촌동 624-14,남동공단1호,지자체,급속(100kW단독),2,0.6533999,2025-09-08 13:09,충전인프라사업부,남동구청,지자체,주차시설,공영주차장,,인천광역시,남동구,126.7040077,37.415274
ME25A,25년(1권역 일반),진솔,신규,미선정,인천광역시 남동구 구월동 1357-9,진솔,지자체,급속(100kW단독),1,0.8068588,2025-09-08 13:09,충전인프라사업부,남동구청,지자체,주차시설,공영주차장,,인천광역시,남동구,126.6952725,37.4485183
ME25A,25년(1권역 일반),진솔,신규,미선정,인천광역시 남동구 구월동 1357-9,진솔,지자체,급속(100kW단독),1,0.8068588,2025-09-08 13:09,충전인프라사업부,남동구청,지자체,주차시설,공영주차장,,인천광역시,남동구,126.6952725,37.4485183
ME25A,25년(1권역 일반),진솔,신규,미선정,인천광역시 남동구 구월동 1357-9,진솔,지자체,급속(100kW단독),1,0.8068588,2025-09-08 13:09,충전인프라사업부,남동구청,지자체,주차시설,공영주차장,,인천광역시,남동구,126.6952725,37.4485183
ME25A,25년(1권역 일반),만수어린이공원,신규,미선정,인천광역시 남동구 만수동 922,만수어린이공원,지자체,급속(100kW단독),1,0.8379829,2025-09-08 13:09,충전인프라사업부,남동구청,지자체,주차시설,공영주차장,,인천광역시,남동구,126.7276004,37.4536707
ME25A,25년(1권역 일반),만수어린이공원,신규,미선정,인천광역시 남동구 만수동 922,만수어린이공원,지자체,급속(100kW단독),1,0.8379829,2025-09-08 13:09,충전인프라사업부,남동구청,지자체,주차시설,공영주차장,,인천광역시,남동구,126.7276004,37.4536707
ME25A,25년(1권역 일반),돌산마루2호,신규,미선정,인천광역시 남동구 간석동 37-6,돌산마루2호,지자체,급속(100kW단독),1,0.791788,2025-09-08 14:09,충전인프라사업부,남동구청,지자체,주차시설,공영주차장,,인천광역시,남동구,126.7173275,37.4650588
ME25A,25년(1권역 일반),돌산마루2호,신규,미선정,인천광역시 남동구 간석동 37-6,돌산마루2호,지자체,급속(100kW단독),1,0.791788,2025-09-08 14:09,충전인프라사업부,남동구청,지자체,주차시설,공영주차장,,인천광역시,남동구,126.7173275,37.4650588
ME25A,25년(1권역 일반),만수복개천5,신규,미선정,인천광역시 남동구 만수동 987,만수복개천5,지자체,급속(100kW단독),1,0.8379829,2025-10-20 17:10,충전인프라사업부,남동구청,지자체,주차시설,공영주차장,,인천광역시,남동구,126.7299897,37.4482681
ME25A,25년(1권역 일반),논현제4,신규,부지 사용 협약 불가,인천광역시 남동구 논현동 744-5,논현제4,지자체,급속(100kW단독),2,0.7083026,2025-12-01 15:12,충전인프라사업부,남동구청,지자체,주차시설,공영주차장,,인천광역시,남동구,126.7259363,37.3980689
ME25A,25년(1권역 일반),학생안전체험관,신규,미선정,인천광역시 남동구 구월동 1226,,지자체,급속(100kW단독),1,0.8052317,2025-09-08 13:09,충전인프라사업부,남동구청,지자체,주차시설,공영주차장,,인천광역시,남동구,126.7158023,37.4519307
ME25A,25년(1권역 일반),학생안전체험관,신규,미선정,인천광역시 남동구 구월동 1226,,지자체,급속(100kW단독),1,0.8052317,2025-09-08 13:09,충전인프라사업부,남동구청,지자체,주차시설,공영주차장,,인천광역시,남동구,126.7158023,37.4519307
ME25A,25년(1권역 일반),장승백이3호,신규,미선정,인천광역시 남동구 만수동 1097-3,,지자체,급속(100kW단독),1,0.7878466,2025-10-20 17:10,충전인프라사업부,남동구청,지자체,주차시설,공영주차장,,인천광역시,남동구,126.7415759,37.4460086
ME25A,25년(1권역 일반),소래논현 주8,신규,미선정,인천광역시 남동구 논현동 767-17,,지자체,급속(100kW단독),2,0.6732242,2025-10-20 17:10,충전인프라사업부,남동구청,지자체,주차시설,공영주차장,,인천광역시,남동구,126.7252331,37.3899381
ME25A,25년(1권역 일반),진주1호,신규,미선정,인천광역시 남동구 만수동 892-16,,지자체,급속(100kW단독),1,0.8217451,2025-09-29 15:09,충전인프라사업부,남동구청,지자체,주차시설,공영주차장,,인천광역시,남동구,126.7263769,37.457565
ME25A,25년(1권역 일반),서창1호,신규,미선정,인천광역시 남동구 서창동 552-5,,지자체,급속(100kW단독),1,0.7184366,2025-10-20 17:10,충전인프라사업부,남동구청,지자체,주차시설,공영주차장,,인천광역시,남동구,126.7446194,37.4372359
ME25A,25년(1권역 일반),문화서 제2,신규,미선정,인천광역시 남동구 구월동 1103-3,,지자체,급속(100kW단독),1,0.8068588,2025-09-08 14:09,충전인프라사업부,남동구청,지자체,주차시설,공영주차장,,인천광역시,남동구,126.6951426,37.4518565
ME25A,25년(1권역 일반),동일,신규,미선정,인천광역시 남동구 간석동 901-43,,지자체,급속(100kW단독),1,0.8169515,2025-09-08 14:09,충전인프라사업부,남동구청,지자체,주차시설,공영주차장,,인천광역시,남동구,126.6960163,37.4568886
ME25A,25년(1권역 일반),목화,신규,미선정,인천광역시 남동구 간석동 187-2,,지자체,급속(100kW단독),1,0.791788,2025-09-08 14:09,충전인프라사업부,남동구청,지자체,주차시설,공영주차장,,인천광역시,남동구,126.7097832,37.4628926
ME25A,25년(1권역 일반),목화,신규,미선정,인천광역시 남동구 간석동 187-2,,지자체,급속(100kW단독),1,0.791788,2025-09-08 14:09,충전인프라사업부,남동구청,지자체,주차시설,공영주차장,,인천광역시,남동구,126.7097832,37.4628926
ME25A,25년(1권역 일반),논고개,신규,부지 사용 협약 불가,인천광역시 남동구 논현동 733-7,,지자체,급속(100kW단독),2,0.7083026,2025-12-01 15:12,충전인프라사업부,남동구청,지자체,주차시설,공영주차장,,인천광역시,남동구,126.7270206,37.3988859
ME25A,25년(1권역 일반),독점,신규,미선정,인천광역시 남동구 구월동 1210-16,,지자체,급속(100kW단독),1,0.8052317,2025-09-08 14:09,충전인프라사업부,남동구청,지자체,주차시설,공영주차장,,인천광역시,남동구,126.7121952,37.4508067
ME25A,25년(1권역 일반),소래논현 주1,신규,부지 사용 협약 불가,인천광역시 남동구 논현동 773-3,,지자체,급속(100kW단독),2,0.6732242,2025-12-01 15:12,충전인프라사업부,남동구청,지자체,주차시설,공영주차장,,인천광역시,남동구,126.727747,37.3923299
ME25A,25년(1권역 일반),선진8길,신규,미선정,인천광역시 남동구 간석동 508-36,,지자체,급속(100kW단독),1,0.8068588,2025-09-08 14:09,충전인프라사업부,남동구청,지자체,주차시설,공영주차장,,인천광역시,남동구,126.6968164,37.4556812
ME25A,25년(1권역 일반),모래마을4호,신규,미선정,인천광역시 남동구 구월동 1269,,지자체,급속(100kW단독),1,0.8379829,2025-09-08 14:09,충전인프라사업부,남동구청,지자체,주차시설,공영주차장,,인천광역시,남동구,126.7217171,37.4534885
ME25A,25년(1권역 일반),도림2호,신규,미선정,인천광역시 남동구 도림동 666-1,,지자체,급속(100kW단독),2,0.6444043,2025-09-08 14:09,충전인프라사업부,남동구청,지자체,주차시설,공영주차장,,인천광역시,남동구,126.7284263,37.4193374
ME25A,25년(1권역 일반),남촌,신규,미선정,인천광역시 남동구 남촌동 512-47,,지자체,급속(100kW단독),1,0.7640455,2025-09-18 18:09,충전인프라사업부,남동구청,지자체,주차시설,공영주차장,,인천광역시,남동구,126.7107667,37.432002
ME25A,25년(1권역 일반),성리,신규,미선정,인천광역시 남동구 구월동 1183-25,,지자체,급속(100kW단독),1,0.785321,2025-09-08 14:09,충전인프라사업부,남동구청,지자체,주차시설,공영주차장,,인천광역시,남동구,126.7084739,37.4451577
ME25A,25년(1권역 일반),검단동 행정복지센터,신규,공사,인천광역시 서구 검단로529번길 14 (마전동),검단동 행정복지센터,지자체,급속(200kW동시),1,0.695307,2025-12-05 15:12,충전인프라사업부,검단동 행정복지센터,지자체,공공시설,주민센터,,인천광역시,서구,126.6617904,37.6050506
ME25A,25년(1권역 일반),검단동 행정복지센터,신규,공사,인천광역시 서구 검단로529번길 14 (마전동),검단동 행정복지센터,지자체,급속(200kW동시),1,0.695307,2025-12-05 15:12,충전인프라사업부,검단동 행정복지센터,지자체,공공시설,주민센터,,인천광역시,서구,126.6617904,37.6050506
ME25A,25년(1권역 일반),서구청 제1주차장,신규,미선정,인천광역시 서구 심곡동 239-9,서구청 제1주차장(공영주차장),지자체,급속(100kW단독),1,0.7253346,2025-10-20 17:10,충전인프라사업부,인천광역시 서구청,공공,주차시설,공영주차장,,인천광역시,서구,126.6758667,37.546014
ME25A,25년(1권역 일반),서구청 제1주차장,신규,미선정,인천광역시 서구 심곡동 239-9,서구청 제1주차장(공영주차장),지자체,급속(100kW단독),1,0.7253346,2025-10-20 17:10,충전인프라사업부,인천광역시 서구청,공공,주차시설,공영주차장,,인천광역시,서구,126.6758667,37.546014
ME25A,25년(1권역 일반),서구청 제1주차장,신규,미선정,인천광역시 서구 심곡동 239-9,서구청 제1주차장(공영주차장),지자체,급속(100kW단독),1,0.7253346,2025-10-20 17:10,충전인프라사업부,인천광역시 서구청,공공,주차시설,공영주차장,,인천광역시,서구,126.6758667,37.546014
ME25A,25년(1권역 일반),당하공영주차장,신규,미선정,인천광역시 서구 당하동 1097-5,당하공영주차장,지자체,급속(100kW단독),1,0.7021284,2025-09-29 16:09,충전인프라사업부,인천광역시 서구청,공공,주차시설,공영주차장,,인천광역시,서구,126.6750262,37.5920765
ME25A,25년(1권역 일반),당하공영주차장,신규,미선정,인천광역시 서구 당하동 1097-5,당하공영주차장,지자체,급속(100kW단독),1,0.7021284,2025-09-29 16:09,충전인프라사업부,인천광역시 서구청,공공,주차시설,공영주차장,,인천광역시,서구,126.6750262,37.5920765
ME25A,25년(1권역 일반),북포리 공영주차장,신규,미선정,인천광역시 옹진군 백령면 북포리 508,북포리 공영주차장,지자체,급속(200kW동시),3,0.7887686,2025-11-11 21:11,충전인프라사업부,인천광역시 옹진군청,지자체,주차시설,공영주차장,,인천광역시,옹진군,124.667864,37.9594258
ME25A,25년(1권역 일반),북포리 공영주차장,신규,미선정,인천광역시 옹진군 백령면 북포리 508,북포리 공영주차장,지자체,급속(200kW동시),3,0.7887686,2025-11-11 21:11,충전인프라사업부,인천광역시 옹진군청,지자체,주차시설,공영주차장,,인천광역시,옹진군,124.667864,37.9594258
ME25A,25년(1권역 일반),모도 박주기 공영주차장,신규,공사,인천광역시 옹진군 북도면 모도리 255-3,인천광역시 옹진군 북도면 모도리 255-2,지자체,급속(200kW동시),5,0,2025-12-05 15:12,충전인프라사업부,인천광역시 옹진군청,지자체,주차시설,공영주차장,,인천광역시,옹진군,126.4089301,37.5301406
ME25A,25년(1권역 일반),모도 박주기 공영주차장,신규,공사,인천광역시 옹진군 북도면 모도리 255-3,인천광역시 옹진군 북도면 모도리 255-2,지자체,급속(200kW동시),5,0,2025-12-05 15:12,충전인프라사업부,인천광역시 옹진군청,지자체,주차시설,공영주차장,,인천광역시,옹진군,126.4089301,37.5301406
ME25A,25년(1권역 일반),동막해변 노상주차장 ,신규,공사,인천광역시 강화군 화도면 동막리 8-1,,지자체,급속(100kW단독),3,0.32538,2025-10-29 17:10,충전인프라사업부,인천광역시 강화군,지자체,주차시설,공영주차장,,인천광역시,강화군,126.4578905,37.5939559
ME25A,25년(1권역 일반),동막해변 제1공영주차장(노외),신규,공사,인천광역시 강화군 화도면 동막리 18,,지자체,급속(100kW단독),3,0.32538,2025-11-05 13:11,충전인프라사업부,인천광역시 강화군,지자체,주차시설,공영주차장,,인천광역시,강화군,126.4588242,37.5943318
ME25A,25년(1권역 일반),모도 박주기 공영주차장,신규,미선정,인천광역시 옹진군 북도면 모도리 255-2,,지자체,급속(200kW동시),5,0,2025-10-22 14:10,충전인프라사업부,옹진군,지자체,주차시설,공영주차장,,인천광역시,옹진군,126.4087366,37.5299927
ME25A,25년(1권역 일반),북포리 공영주차장,신규,미선정,인천광역시 옹진군 백령면 북포리 508,,지자체,급속(200kW동시),3,0.7887686,2025-10-28 14:10,충전인프라사업부,옹진군,지자체,주차시설,공영주차장,,인천광역시,옹진군,124.6678061,37.9594287
ME25A,25년(1권역 일반),북포리 공영주차장,신규,미선정,인천광역시 옹진군 백령면 북포리 508,,지자체,급속(200kW동시),3,0.7887686,2025-10-28 14:10,충전인프라사업부,옹진군,지자체,주차시설,공영주차장,,인천광역시,옹진군,124.6678061,37.9594287
ME25A,25년(1권역 일반),떼뿌루해수욕장,신규,공사,인천광역시 옹진군 덕적면 소야리 산 219-1,,지자체,급속(100kW단독),5,0,2025-12-05 15:12,충전인프라사업부,옹진군,지자체,주차시설,공영주차장,,인천광역시,옹진군,126.1746899,37.2127032
ME25A,25년(1권역 일반),모도 박주기 공영주차장,신규,미선정,인천광역시 옹진군 북도면 모도리 255-2,,지자체,급속(100kW단독),5,0,2025-10-22 14:10,충전인프라사업부,옹진군,지자체,주차시설,공영주차장,,인천광역시,옹진군,126.4087366,37.5299927
ME25A,25년(1권역 일반),모도 박주기 공영주차장,신규,미선정,인천광역시 옹진군 북도면 모도리 255-2,,지자체,급속(100kW단독),5,0,2025-10-22 14:10,충전인프라사업부,옹진군,지자체,주차시설,공영주차장,,인천광역시,옹진군,126.4087366,37.5299927
ME25A,25년(1권역 일반),모도 박주기 공영주차장,신규,미선정,인천광역시 옹진군 북도면 모도리 255-2,,지자체,급속(200kW동시),5,0,2025-10-22 14:10,충전인프라사업부,옹진군,지자체,주차시설,공영주차장,,인천광역시,옹진군,126.4087366,37.5299927
ME25A,25년(1권역 일반),모도 박주기 공영주차장,신규,미선정,인천광역시 옹진군 북도면 모도리 255-2,,지자체,급속(100kW단독),5,0,2025-10-22 14:10,충전인프라사업부,옹진군,지자체,주차시설,공영주차장,,인천광역시,옹진군,126.4087366,37.5299927
ME25A,25년(1권역 일반),월미공원역,신규,공사,인천광역시 중구 월미로 482 (북성동1가),,지자체,급속(100kW단독),2,0.616306,2025-11-18 09:11,충전인프라사업부,인천교통공사,지자체,공공시설,지자체시설,,인천광역시,중구,126.6061732,37.4762362
ME25A,25년(1권역 일반),연수구 청소년수련관,신규,미선정,인천광역시 연수구 송도동 313-12,,지자체,급속(100kW단독),1,0.7265012,2025-10-20 17:10,충전인프라사업부,인천광역시 연수구,지자체,근린생활시설,수련원,,인천광역시,연수구,126.6292277,37.4108742
ME25A,25년(1권역 일반),남촌농산물도매시장,신규,미선정,인천광역시 남동구 비류대로 763 (남촌동),,지자체,급속(200kW동시),1,0.7482692,2025-11-11 21:11,충전인프라사업부,남촌농산물도매시장관리사무소,지자체,공공시설,지자체시설,,인천광역시,남동구,126.7194053,37.4223343
ME25A,25년(1권역 일반),남촌농산물도매시장,신규,미선정,인천광역시 남동구 비류대로 763 (남촌동),,지자체,급속(200kW동시),1,0.7482692,2025-11-11 21:11,충전인프라사업부,남촌농산물도매시장관리사무소,지자체,공공시설,지자체시설,,인천광역시,남동구,126.7194053,37.4223343
ME25A,25년(1권역 일반),남촌농산물도매시장,신규,미선정,인천광역시 남동구 비류대로 763 (남촌동),,지자체,급속(200kW동시),1,0.7482692,2025-11-11 21:11,충전인프라사업부,남촌농산물도매시장관리사무소,지자체,공공시설,지자체시설,,인천광역시,남동구,126.7194053,37.4223343
ME25A,25년(1권역 일반),남촌농산물도매시장,신규,미선정,인천광역시 남동구 비류대로 763 (남촌동),,지자체,급속(100kW단독),1,0.7482692,2025-11-11 21:11,충전인프라사업부,남촌농산물도매시장관리사무소,지자체,공공시설,지자체시설,,인천광역시,남동구,126.7194053,37.4223343
ME25A,25년(1권역 일반),남촌농산물도매시장,신규,미선정,인천광역시 남동구 비류대로 763 (남촌동),,지자체,급속(200kW동시),1,0.7482692,2025-11-11 21:11,충전인프라사업부,남촌농산물도매시장관리사무소,지자체,공공시설,지자체시설,,인천광역시,남동구,126.7194053,37.4223343
ME25A,25년(1권역 일반),남동수영장,신규,미선정,인천광역시 남동구 고잔동 975-1,인천광역시 남동구 논현고잔로 173 (남동수영장),지자체,급속(100kW단독),2,0.6814095,2025-09-29 15:09,충전인프라사업부,인천광역시 남동구청,지자체,공공시설,지자체시설,,인천광역시,남동구,126.7161705,37.3979549
ME25A,25년(1권역 일반),남동국민체육센터,신규,미선정,"인천광역시 남동구 백범로124번길 94 (만수동,남동국민체육센터)",남동국민체육센터,지자체,급속(200kW동시),1,0.8136106,2025-09-29 15:09,충전인프라사업부,인천광역시 남동구청,지자체,공공시설,지자체시설,,인천광역시,남동구,126.7363426,37.4579514
ME25A,25년(1권역 일반),남동국민체육센터,신규,미선정,"인천광역시 남동구 백범로124번길 94 (만수동,남동국민체육센터)",남동국민체육센터,지자체,급속(200kW동시),1,0.8136106,2025-09-29 15:09,충전인프라사업부,인천광역시 남동구청,지자체,공공시설,지자체시설,,인천광역시,남동구,126.7363426,37.4579514
ME25A,25년(1권역 일반),서창어울마당,신규,공사,인천광역시 남동구 서창동 680,서창어울마당,지자체,급속(200kW동시),2,0.6951503,2025-12-12 17:12,충전인프라사업부,인천광역시 남동구청,지자체,공공시설,지자체시설,,인천광역시,남동구,126.7471055,37.4274679
ME25A,25년(1권역 일반),서창어울마당,신규,공사,인천광역시 남동구 서창동 680,서창어울마당,지자체,급속(200kW동시),2,0.6951503,2025-12-12 17:12,충전인프라사업부,인천광역시 남동구청,지자체,공공시설,지자체시설,,인천광역시,남동구,126.7471055,37.4274679
ME25A,25년(1권역 일반),서창어울마당,신규,공사,인천광역시 남동구 서창동 680,서창어울마당,지자체,급속(200kW동시),2,0.6951503,2025-12-12 17:12,충전인프라사업부,인천광역시 남동구청,지자체,공공시설,지자체시설,,인천광역시,남동구,126.7471055,37.4274679
ME25A,25년(1권역 일반),서창어울마당,신규,공사,인천광역시 남동구 서창동 680,서창어울마당,지자체,급속(200kW동시),2,0.6951503,2025-12-12 17:12,충전인프라사업부,인천광역시 남동구청,지자체,공공시설,지자체시설,,인천광역시,남동구,126.7471055,37.4274679
ME25A,25년(1권역 일반),간석1동 행정복지센터,신규,미선정,인천광역시 남동구 구월로131번길 38 (간석동),간석1동 행정복지센터,지자체,급속(100kW단독),1,0.7977941,2025-09-08 14:09,충전인프라사업부,인천광역시 남동구,지자체,공공시설,주민센터,,인천광역시,남동구,126.7053381,37.4586436
ME25A,25년(1권역 일반),선수항 공영주차장,신규,공사,인천광역시 강화군 화도면 내리 1838-3,선수항 공영주차장,지자체,급속(200kW동시),2,0.4538388,2025-11-05 13:11,충전인프라사업부,강화군청,지자체,주차시설,공영주차장,,인천광역시,강화군,126.3849189,37.6385363
ME25A,25년(1권역 일반),선수항 공영주차장,신규,공사,인천광역시 강화군 화도면 내리 1838-3,선수항 공영주차장,지자체,급속(200kW동시),2,0.4538388,2025-11-05 13:11,충전인프라사업부,강화군청,지자체,주차시설,공영주차장,,인천광역시,강화군,126.3849189,37.6385363
ME25A,25년(1권역 일반),강화갯벌센터,신규,공사,인천광역시 강화군 화도면 여차리 917,인천광역시 강화군 화도면 여차리 917(강화갯벌센터 주차장),지자체,급속(100kW단독),2,0.4629272,2025-10-29 17:10,충전인프라사업부,강화군청,지자체,주차시설,공영주차장,문화재/문화재보호,인천광역시,강화군,126.3869315,37.6097915
ME25A,25년(1권역 일반),초지항,신규,공사,인천광역시 강화군 길상면 초지리 616-6,인천광역시 강화군 길상면 초지리 616-6 (초지항),지자체,급속(100kW단독),5,0,2025-11-05 13:11,충전인프라사업부,강화군청,지자체,주차시설,공영주차장,,인천광역시,강화군,126.5311799,37.6366203
ME25A,25년(1권역 일반),초지항,신규,공사,인천광역시 강화군 길상면 초지리 616-6,인천광역시 강화군 길상면 초지리 616-6 (초지항),지자체,급속(100kW단독),5,0,2025-11-05 13:11,충전인프라사업부,강화군청,지자체,주차시설,공영주차장,,인천광역시,강화군,126.5311799,37.6366203
ME25A,25년(1권역 일반),초지항,신규,공사,인천광역시 강화군 길상면 초지리 616-6,인천광역시 강화군 길상면 초지리 616-6 (초지항),지자체,급속(100kW단독),5,0,2025-11-05 13:11,충전인프라사업부,강화군청,지자체,주차시설,공영주차장,,인천광역시,강화군,126.5311799,37.6366203
ME25A,25년(1권역 일반),초지항,신규,공사,인천광역시 강화군 길상면 초지리 616-6,인천광역시 강화군 길상면 초지리 616-6 (초지항),지자체,급속(100kW단독),5,0,2025-11-05 13:11,충전인프라사업부,강화군청,지자체,주차시설,공영주차장,,인천광역시,강화군,126.5311799,37.6366203
ME25A,25년(1권역 일반),삼산1동 행정복지센터 부설주차장,신규,미선정,인천광역시 부평구 부평북로 447 (삼산동),삼산1동행정복지센터,지자체,급속(100kW단독),1,0.8137998,2025-09-08 14:09,충전인프라사업부,부평구청,지자체,공공시설,주민센터,,인천광역시,부평구,126.743337,37.5221857
ME25A,25년(1권역 일반),남촌농산물도매시장,신규,미선정,인천광역시 남동구 비류대로 763 (남촌동),남촌농산물도매시장,지자체,급속(200kW동시),1,0.7482692,2025-09-08 14:09,충전인프라사업부,인천광역시청,지자체,공공시설,지자체시설,,인천광역시,남동구,126.7194053,37.4223343
ME25A,25년(1권역 일반),남촌농산물도매시장,신규,미선정,인천광역시 남동구 비류대로 763 (남촌동),남촌농산물도매시장,지자체,급속(200kW동시),1,0.7482692,2025-09-08 14:09,충전인프라사업부,인천광역시청,지자체,공공시설,지자체시설,,인천광역시,남동구,126.7194053,37.4223343
ME25A,25년(1권역 일반),남촌농산물도매시장,신규,미선정,인천광역시 남동구 비류대로 763 (남촌동),남촌농산물도매시장,지자체,급속(200kW동시),1,0.7482692,2025-09-08 14:09,충전인프라사업부,인천광역시청,지자체,공공시설,지자체시설,,인천광역시,남동구,126.7194053,37.4223343
ME25A,25년(1권역 일반),남촌농산물도매시장,신규,미선정,인천광역시 남동구 비류대로 763 (남촌동),남촌농산물도매시장,지자체,급속(200kW동시),1,0.7482692,2025-09-08 14:09,충전인프라사업부,인천광역시청,지자체,공공시설,지자체시설,,인천광역시,남동구,126.7194053,37.4223343
ME25A,25년(1권역 일반),선원면 창리 제2공영주차장,신규,공사,인천광역시 강화군 선원면 창리 606-10,,지자체,급속(200kW동시),1,0.9674337,2025-10-29 17:10,충전인프라사업부,인천광역시 강화군,지자체,주차시설,공영주차장,,인천광역시,강화군,126.4833962,37.7236338
ME25A,25년(1권역 일반),양사면 교산리 공영주차장,신규,공사,인천광역시 강화군 양사면 교산리 861,,지자체,급속(100kW단독),4,0.518916,2025-10-29 17:10,충전인프라사업부,인천광역시 강화군,지자체,주차시설,공영주차장,,인천광역시,강화군,126.4067982,37.798412
ME25A,25년(1권역 일반),화도면 동막해변 공영주차장,신규,공사,인천광역시 강화군 화도면 동막리 60-1,,지자체,급속(100kW단독),3,0.3327305,2025-11-05 13:11,충전인프라사업부,인천광역시 강화군,지자체,주차시설,공영주차장,,인천광역시,강화군,126.4564131,37.5951605
ME25A,25년(1권역 일반),산성안 공영주차장,신규,공사,인천광역시 강화군 강화읍 관청리 250-3,,지자체,급속(100kW단독),1,0.9755697,2025-11-05 13:11,충전인프라사업부,인천광역시 강화군,지자체,주차시설,공영주차장,,인천광역시,강화군,126.4872642,37.7504205
ME25A,25년(1권역 일반),강화읍 남산리 (구풍물시장)주차장,신규,공사,인천광역시 강화군 강화읍 남산리 573,,지자체,급속(200kW동시),1,0.9635403,2025-11-05 13:11,충전인프라사업부,인천광역시 강화군,지자체,주차시설,공영주차장,,인천광역시,강화군,126.4901084,37.7427029
ME25A,25년(1권역 일반),강화읍 남산리 (구풍물시장)주차장,신규,공사,인천광역시 강화군 강화읍 남산리 573,,지자체,급속(200kW동시),1,0.9635403,2025-11-05 13:11,충전인프라사업부,인천광역시 강화군,지자체,주차시설,공영주차장,,인천광역시,강화군,126.4901084,37.7427029
ME25A,25년(1권역 일반),내가면 외포리 공영주차장,신규,공사,인천광역시 강화군 내가면 외포리 763-79,,지자체,급속(200kW동시),3,0.5385197,2025-10-29 17:10,충전인프라사업부,인천광역시 강화군,지자체,주차시설,공영주차장,,인천광역시,강화군,126.383436,37.7005427
ME25A,25년(1권역 일반),내가면 외포리 공영주차장,신규,공사,인천광역시 강화군 내가면 외포리 763-79,,지자체,급속(200kW동시),3,0.5385197,2025-10-29 17:10,충전인프라사업부,인천광역시 강화군,지자체,주차시설,공영주차장,,인천광역시,강화군,126.383436,37.7005427
ME25A,25년(1권역 일반),내가면 외포리 공영주차장,신규,공사,인천광역시 강화군 내가면 외포리 763-79,,지자체,급속(200kW동시),3,0.5385197,2025-10-29 17:10,충전인프라사업부,인천광역시 강화군,지자체,주차시설,공영주차장,,인천광역시,강화군,126.383436,37.7005427
ME25A,25년(1권역 일반),내가면 외포리 공영주차장,신규,공사,인천광역시 강화군 내가면 외포리 763-79,,지자체,급속(200kW동시),3,0.5385197,2025-10-29 17:10,충전인프라사업부,인천광역시 강화군,지자체,주차시설,공영주차장,,인천광역시,강화군,126.383436,37.7005427
ME25A,25년(1권역 일반),관청근린공원 주차장,신규,공사,인천광역시 강화군 강화읍 관청리 85-3,,지자체,급속(100kW단독),1,0.9677136,2025-11-05 13:11,충전인프라사업부,인천광역시 강화군,지자체,주차시설,공영주차장,,인천광역시,강화군,126.4930044,37.7460688
ME25A,25년(1권역 일반),화개정원 공영주차장,신규,부지 사용 협약 불가,인천광역시 강화군 교동면 고구리 산 258-5,,지자체,급속(100kW단독),4,0.8500182,2025-11-25 11:11,충전인프라사업부,인천광역시 강화군,지자체,주차시설,공영주차장,,인천광역시,강화군,126.2887306,37.7846348
ME25A,25년(1권역 일반),길상면 주민복합센터,신규,공사,인천광역시 강화군 길상면 온수리 480-7,,지자체,급속(100kW단독),2,0.6150591,2025-11-18 09:11,충전인프라사업부,인천광역시 강화군,지자체,주차시설,공영주차장,,인천광역시,강화군,126.4895685,37.6424719
ME25A,25년(1권역 일반),삼산면 주민자치센터,신규,공사,인천광역시 강화군 삼산면 석모리 1541,,지자체,급속(100kW단독),4,0.5167163,2025-10-29 17:10,충전인프라사업부,인천광역시 강화군,지자체,주차시설,공영주차장,,인천광역시,강화군,126.3202336,37.7055587
ME25A,25년(1권역 일반),석모도만남의광장 공영주차장,신규,공사,인천광역시 강화군 삼산면 석포리 547-15,,지자체,급속(100kW단독),5,0,2025-11-05 13:11,충전인프라사업부,인천광역시 강화군,지자체,주차시설,공영주차장,,인천광역시,강화군,126.3492504,37.6945463
ME25A,25년(1권역 일반),석모도만남의광장 공영주차장,신규,공사,인천광역시 강화군 삼산면 석포리 547-15,,지자체,급속(100kW단독),5,0,2025-11-05 13:11,충전인프라사업부,인천광역시 강화군,지자체,주차시설,공영주차장,,인천광역시,강화군,126.3492504,37.6945463
ME25A,25년(1권역 일반),석모도만남의광장 공영주차장,신규,공사,인천광역시 강화군 삼산면 석포리 547-15,,지자체,급속(100kW단독),5,0,2025-11-05 13:11,충전인프라사업부,인천광역시 강화군,지자체,주차시설,공영주차장,,인천광역시,강화군,126.3492504,37.6945463
ME25A,25년(1권역 일반),강화읍 신문 제2공영주차장,신규,공사,인천광역시 강화군 강화읍 신문리 598-2,,지자체,급속(100kW단독),1,0.9755697,2025-10-29 17:10,충전인프라사업부,인천광역시 강화군,지자체,주차시설,공영주차장,,인천광역시,강화군,126.4789307,37.7485254
ME25A,25년(1권역 일반),강화읍 신문 제2공영주차장,신규,공사,인천광역시 강화군 강화읍 신문리 598-2,,지자체,급속(100kW단독),1,0.9755697,2025-10-29 17:10,충전인프라사업부,인천광역시 강화군,지자체,주차시설,공영주차장,,인천광역시,강화군,126.4789307,37.7485254
ME25A,25년(1권역 일반),강화읍 신문 제2공영주차장,신규,공사,인천광역시 강화군 강화읍 신문리 598-2,,지자체,급속(100kW단독),1,0.9755697,2025-10-29 17:10,충전인프라사업부,인천광역시 강화군,지자체,주차시설,공영주차장,,인천광역시,강화군,126.4789307,37.7485254
ME25A,25년(1권역 일반),길상면 온수리 공영주차장,신규,공사,인천광역시 강화군 길상면 온수리 622-33,,지자체,급속(100kW단독),2,0.6233404,2025-11-05 13:11,충전인프라사업부,인천광역시 강화군,지자체,주차시설,공영주차장,,인천광역시,강화군,126.4916778,37.6352132
ME25A,25년(1권역 일반),길상면 온수리 공영주차장,신규,공사,인천광역시 강화군 길상면 온수리 622-33,,지자체,급속(100kW단독),2,0.6233404,2025-11-05 13:11,충전인프라사업부,인천광역시 강화군,지자체,주차시설,공영주차장,,인천광역시,강화군,126.4916778,37.6352132
ME25A,25년(1권역 일반),길상면 온수리 공영주차장,신규,공사,인천광역시 강화군 길상면 온수리 622-33,,지자체,급속(100kW단독),2,0.6233404,2025-11-05 13:11,충전인프라사업부,인천광역시 강화군,지자체,주차시설,공영주차장,,인천광역시,강화군,126.4916778,37.6352132
ME25A,25년(1권역 일반),길상면 온수리 공영주차장,신규,공사,인천광역시 강화군 길상면 온수리 622-33,,지자체,급속(100kW단독),2,0.6233404,2025-11-05 13:11,충전인프라사업부,인천광역시 강화군,지자체,주차시설,공영주차장,,인천광역시,강화군,126.4916778,37.6352132
ME25A,25년(1권역 일반),삼산면 매음리 제1공영주차장,신규,공사,인천광역시 강화군 삼산면 매음리 641-10,,지자체,급속(200kW동시),4,0.488383,2025-10-29 17:10,충전인프라사업부,인천광역시 강화군,지자체,주차시설,공영주차장,,인천광역시,강화군,126.3163775,37.6851974
ME25A,25년(1권역 일반),삼산면 매음리 제1공영주차장,신규,공사,인천광역시 강화군 삼산면 매음리 641-10,,지자체,급속(200kW동시),4,0.488383,2025-10-29 17:10,충전인프라사업부,인천광역시 강화군,지자체,주차시설,공영주차장,,인천광역시,강화군,126.3163775,37.6851974
ME25A,25년(1권역 일반),선원면 창리 제1공영주차장,신규,공사,인천광역시 강화군 선원면 창리 665-2,,지자체,급속(200kW동시),1,0.9686252,2025-10-29 17:10,충전인프라사업부,인천광역시 강화군,지자체,주차시설,공영주차장,,인천광역시,강화군,126.4782043,37.7237559
ME25A,25년(1권역 일반),선원면 창리 제1공영주차장,신규,공사,인천광역시 강화군 선원면 창리 665-2,,지자체,급속(200kW동시),1,0.9686252,2025-10-29 17:10,충전인프라사업부,인천광역시 강화군,지자체,주차시설,공영주차장,,인천광역시,강화군,126.4782043,37.7237559
ME25A,25년(1권역 일반),선원면 창리 제2공영주차장,신규,공사,인천광역시 강화군 선원면 창리 606-10,,지자체,급속(200kW동시),1,0.9674337,2025-10-29 17:10,충전인프라사업부,인천광역시 강화군,지자체,주차시설,공영주차장,,인천광역시,강화군,126.4833962,37.7236338
ME25A,25년(1권역 일반),강화읍 갑곳 공영주차장,신규,공사,인천광역시 강화군 강화읍 갑곳리 470-7,,지자체,급속(100kW단독),1,0.9642892,2025-10-29 17:10,충전인프라사업부,인천광역시 강화군,지자체,주차시설,공영주차장,,인천광역시,강화군,126.5041544,37.7425329
ME25A,25년(1권역 일반),강화읍 신문 제3 공영주차장,신규,공사,인천광역시 강화군 강화읍 신문리 480-7,,지자체,급속(100kW단독),1,0.9755697,2025-11-05 13:11,충전인프라사업부,인천광역시 강화군,지자체,주차시설,공영주차장,,인천광역시,강화군,126.4810115,37.7437447
ME25A,25년(1권역 일반),강화읍 중앙시장B동 주차장,신규,공사,인천광역시 강화군 강화읍 관청리 523-1,,지자체,급속(100kW단독),1,0.9755697,2025-10-29 17:10,충전인프라사업부,인천광역시 강화군,지자체,주차시설,공영주차장,,인천광역시,강화군,126.4835818,37.7488001
ME25A,25년(1권역 일반),강화공설운동장 제1주차장,신규,공사,인천광역시 강화군 강화읍 국화리 224-1,,지자체,급속(100kW단독),1,0.969103,2025-10-29 17:10,충전인프라사업부,인천광역시 강화군,지자체,주차시설,공영주차장,,인천광역시,강화군,126.4728685,37.7472598
ME25A,25년(1권역 일반),강화공설운동장 제2주차장,신규,공사,인천광역시 강화군 강화읍 국화리 224-4,,지자체,급속(100kW단독),1,0.969103,2025-11-05 13:11,충전인프라사업부,인천광역시 강화군,지자체,주차시설,공영주차장,,인천광역시,강화군,126.4724701,37.7467082
ME25A,25년(1권역 일반),강화공설운동장 제2주차장,신규,공사,인천광역시 강화군 강화읍 국화리 224-4,,지자체,급속(100kW단독),1,0.969103,2025-11-05 13:11,충전인프라사업부,인천광역시 강화군,지자체,주차시설,공영주차장,,인천광역시,강화군,126.4724701,37.7467082
ME25A,25년(1권역 일반),강화공설운동장 제2주차장,신규,공사,인천광역시 강화군 강화읍 국화리 224-4,,지자체,급속(100kW단독),1,0.969103,2025-11-05 13:11,충전인프라사업부,인천광역시 강화군,지자체,주차시설,공영주차장,,인천광역시,강화군,126.4724701,37.7467082
ME25A,25년(1권역 일반),신정체육시설,신규,공사,인천광역시 강화군 선원면 신정리 700,,지자체,급속(200kW동시),2,0.9498668,2025-11-05 13:11,충전인프라사업부,인천광역시 강화군,지자체,주차시설,공영주차장,,인천광역시,강화군,126.509409,37.7299078
ME25A,25년(1권역 일반),신정체육시설,신규,공사,인천광역시 강화군 선원면 신정리 700,,지자체,급속(200kW동시),2,0.9498668,2025-11-05 13:11,충전인프라사업부,인천광역시 강화군,지자체,주차시설,공영주차장,,인천광역시,강화군,126.509409,37.7299078
ME25A,25년(1권역 일반),길상공설운동장 주차장,신규,공사,인천광역시 강화군 길상면 온수리 605-20,,지자체,급속(200kW동시),2,0.6233404,2025-10-29 17:10,충전인프라사업부,인천광역시 강화군,지자체,주차시설,공영주차장,,인천광역시,강화군,126.4962825,37.6357132
ME25A,25년(1권역 일반),길상공설운동장 주차장,신규,공사,인천광역시 강화군 길상면 온수리 605-20,,지자체,급속(200kW동시),2,0.6233404,2025-10-29 17:10,충전인프라사업부,인천광역시 강화군,지자체,주차시설,공영주차장,,인천광역시,강화군,126.4962825,37.6357132
ME25A,25년(1권역 일반),길상공설운동장 주차장,신규,공사,인천광역시 강화군 길상면 온수리 605-20,,지자체,급속(200kW동시),2,0.6233404,2025-10-29 17:10,충전인프라사업부,인천광역시 강화군,지자체,주차시설,공영주차장,,인천광역시,강화군,126.4962825,37.6357132
ME25A,25년(1권역 일반),길상공설운동장 주차장,신규,공사,인천광역시 강화군 길상면 온수리 605-20,,지자체,급속(200kW동시),2,0.6233404,2025-10-29 17:10,충전인프라사업부,인천광역시 강화군,지자체,주차시설,공영주차장,,인천광역시,강화군,126.4962825,37.6357132
ME25A,25년(1권역 일반),강화종합전시관 주차장,신규,공사,인천광역시 강화군 강화읍 남산리 25-3,,지자체,급속(100kW단독),1,0.9704014,2025-10-29 17:10,충전인프라사업부,인천광역시 강화군,지자체,주차시설,공영주차장,,인천광역시,강화군,126.4875845,37.7429342
ME25A,25년(1권역 일반),광성보주차장,신규,공사,인천광역시 강화군 불은면 덕성리 835,,지자체,급속(200kW동시),3,0.3645185,2025-11-05 13:11,충전인프라사업부,인천광역시 강화군,지자체,주차시설,공영주차장,,인천광역시,강화군,126.5260463,37.6636638
ME25A,25년(1권역 일반),광성보주차장,신규,공사,인천광역시 강화군 불은면 덕성리 835,,지자체,급속(200kW동시),3,0.3645185,2025-11-05 13:11,충전인프라사업부,인천광역시 강화군,지자체,주차시설,공영주차장,,인천광역시,강화군,126.5260463,37.6636638
ME25A,25년(1권역 일반),마니산 주차장,신규,공사,인천광역시 강화군 화도면 상방리 362-1,,지자체,급속(200kW동시),3,0.6169448,2025-10-29 17:10,충전인프라사업부,인천광역시 강화군,지자체,주차시설,공영주차장,,인천광역시,강화군,126.4241119,37.6344168
ME25A,25년(1권역 일반),마니산 주차장,신규,공사,인천광역시 강화군 화도면 상방리 362-1,,지자체,급속(200kW동시),3,0.6169448,2025-10-29 17:10,충전인프라사업부,인천광역시 강화군,지자체,주차시설,공영주차장,,인천광역시,강화군,126.4241119,37.6344168
ME25A,25년(1권역 일반),마니산 주차장,신규,공사,인천광역시 강화군 화도면 상방리 362-1,,지자체,급속(200kW동시),3,0.6169448,2025-10-29 17:10,충전인프라사업부,인천광역시 강화군,지자체,주차시설,공영주차장,,인천광역시,강화군,126.4241119,37.6344168
ME25A,25년(1권역 일반),마니산 주차장,신규,공사,인천광역시 강화군 화도면 상방리 362-1,,지자체,급속(200kW동시),3,0.6169448,2025-10-29 17:10,충전인프라사업부,인천광역시 강화군,지자체,주차시설,공영주차장,,인천광역시,강화군,126.4241119,37.6344168
ME25A,25년(1권역 일반),함허동천 주차장,신규,공사,인천광역시 강화군 화도면 사기리 439-5,,지자체,급속(200kW동시),3,0.4162125,2025-10-29 17:10,충전인프라사업부,인천광역시 강화군,지자체,주차시설,공영주차장,,인천광역시,강화군,126.4576157,37.6096011
ME25A,25년(1권역 일반),함허동천 주차장,신규,공사,인천광역시 강화군 화도면 사기리 439-5,,지자체,급속(200kW동시),3,0.4162125,2025-10-29 17:10,충전인프라사업부,인천광역시 강화군,지자체,주차시설,공영주차장,,인천광역시,강화군,126.4576157,37.6096011
ME25A,25년(1권역 일반),함허동천 주차장,신규,공사,인천광역시 강화군 화도면 사기리 439-5,,지자체,급속(200kW동시),3,0.4162125,2025-10-29 17:10,충전인프라사업부,인천광역시 강화군,지자체,주차시설,공영주차장,,인천광역시,강화군,126.4576157,37.6096011
ME25A,25년(1권역 일반),함허동천 주차장,신규,공사,인천광역시 강화군 화도면 사기리 439-5,,지자체,급속(200kW동시),3,0.4162125,2025-10-29 17:10,충전인프라사업부,인천광역시 강화군,지자체,주차시설,공영주차장,,인천광역시,강화군,126.4576157,37.6096011
ME25A,25년(1권역 일반),강화평화전망대 주차장,신규,공사,인천광역시 강화군 양사면 철산리 11-44,,지자체,급속(100kW단독),5,0,2025-11-05 13:11,충전인프라사업부,인천광역시 강화군,지자체,주차시설,공영주차장,,인천광역시,강화군,126.4342313,37.825308
ME25A,25년(1권역 일반),민머루해수욕장 공영주차장,신규,공사,인천광역시 강화군 삼산면 매음리 872,,지자체,급속(100kW단독),4,0.3341862,2025-11-18 09:11,충전인프라사업부,인천광역시 강화군,지자체,주차시설,공영주차장,,인천광역시,강화군,126.3335076,37.6520484
ME25A,25년(1권역 일반),민머루해수욕장 공영주차장,신규,공사,인천광역시 강화군 삼산면 매음리 872,,지자체,급속(100kW단독),4,0.3341862,2025-11-18 09:11,충전인프라사업부,인천광역시 강화군,지자체,주차시설,공영주차장,,인천광역시,강화군,126.3335076,37.6520484
ME25A,25년(1권역 일반),민머루해수욕장 공영주차장,신규,공사,인천광역시 강화군 삼산면 매음리 872,,지자체,급속(100kW단독),4,0.3341862,2025-11-18 09:11,충전인프라사업부,인천광역시 강화군,지자체,주차시설,공영주차장,,인천광역시,강화군,126.3335076,37.6520484
ME25A,25년(1권역 일반),민머루해수욕장 공영주차장,신규,공사,인천광역시 강화군 삼산면 매음리 872,,지자체,급속(100kW단독),4,0.3341862,2025-11-18 09:11,충전인프라사업부,인천광역시 강화군,지자체,주차시설,공영주차장,,인천광역시,강화군,126.3335076,37.6520484
ME25A,25년(1권역 일반),해누리공원 주차장,신규,공사,인천광역시 강화군 내가면 황청리 산 170-1,,지자체,급속(200kW동시),2,0.5321676,2025-10-29 17:10,충전인프라사업부,인천광역시 강화군,지자체,주차시설,공영주차장,,인천광역시,강화군,126.3578348,37.7073296
ME25A,25년(1권역 일반),해누리공원 주차장,신규,공사,인천광역시 강화군 내가면 황청리 산 170-1,,지자체,급속(200kW동시),2,0.5321676,2025-10-29 17:10,충전인프라사업부,인천광역시 강화군,지자체,주차시설,공영주차장,,인천광역시,강화군,126.3578348,37.7073296
ME25A,25년(1권역 일반),해누리공원 주차장,신규,공사,인천광역시 강화군 내가면 황청리 산 170-1,,지자체,급속(200kW동시),2,0.5321676,2025-10-29 17:10,충전인프라사업부,인천광역시 강화군,지자체,주차시설,공영주차장,,인천광역시,강화군,126.3578348,37.7073296
ME25A,25년(1권역 일반),해누리공원 주차장,신규,공사,인천광역시 강화군 내가면 황청리 산 170-1,,지자체,급속(200kW동시),2,0.5321676,2025-10-29 17:10,충전인프라사업부,인천광역시 강화군,지자체,주차시설,공영주차장,,인천광역시,강화군,126.3578348,37.7073296
ME25A,25년(1권역 일반),강화군 행복센터,신규,공사,인천광역시 강화군 강화읍 남산리 212-1,,지자체,급속(200kW동시),1,0.9704014,2025-10-29 17:10,충전인프라사업부,인천광역시 강화군,지자체,주차시설,공영주차장,,인천광역시,강화군,126.4873246,37.740252
ME25A,25년(1권역 일반),강화군 행복센터,신규,공사,인천광역시 강화군 강화읍 남산리 212-1,,지자체,급속(200kW동시),1,0.9704014,2025-10-29 17:10,충전인프라사업부,인천광역시 강화군,지자체,주차시설,공영주차장,,인천광역시,강화군,126.4873246,37.740252
ME25A,25년(1권역 일반),강화군 남부노인문화센터,신규,공사,인천광역시 강화군 길상면 온수리 767,,지자체,급속(200kW동시),2,0.6150591,2025-10-29 17:10,충전인프라사업부,인천광역시 강화군,지자체,주차시설,공영주차장,,인천광역시,강화군,126.487202,37.6432001
ME25A,25년(1권역 일반),강화군 남부노인문화센터,신규,공사,인천광역시 강화군 길상면 온수리 767,,지자체,급속(200kW동시),2,0.6150591,2025-10-29 17:10,충전인프라사업부,인천광역시 강화군,지자체,주차시설,공영주차장,,인천광역시,강화군,126.487202,37.6432001
ME25A,25년(1권역 일반),강화읍 갑곳 제1공영주차장,신규,공사,인천광역시 강화군 강화읍 갑곳리 643,,지자체,급속(100kW단독),1,0.9642892,2025-11-05 13:11,충전인프라사업부,인천광역시 강화군,지자체,주차시설,공영주차장,,인천광역시,강화군,126.5068141,37.7393849
ME25D,25년(4권역),영흥수산물직판장 주차장,신규,부지 사용 협약,인천광역시 옹진군 영흥면 내리 8-165, 공중화장실 옆,지자체,급속(100kW단독),4,0.3205256,2026-02-12 10:02,충전인프라사업부,옹진군청,지자체,공공시설,지자체시설,,인천광역시,옹진군,126.4981467,37.2551047
ME25D,25년(4권역),강화풍물시장 공영주차장,신규,부지 사용 협약,인천광역시 강화군 강화읍 갑곳리 849, 고엽제전우회 건물 옆,지자체,급속(200kW동시),1,0.9635403,2026-02-12 10:02,충전인프라사업부,인천광역시 강화군,지자체,주차시설,공영주차장,,인천광역시,강화군,126.4919478,37.7404676
ME25D,25년(4권역),강화풍물시장 공영주차장,신규,부지 사용 협약,인천광역시 강화군 강화읍 갑곳리 849, 고엽제전우회 건물 옆,지자체,급속(200kW동시),1,0.9635403,2026-02-12 10:02,충전인프라사업부,인천광역시 강화군,지자체,주차시설,공영주차장,,인천광역시,강화군,126.4919478,37.7404676
ME25D,25년(4권역),강화풍물시장 공영주차장,신규,부지 사용 협약,인천광역시 강화군 강화읍 갑곳리 849, 고엽제전우회 건물 옆,지자체,급속(100kW멀티),1,0.9635403,2026-02-12 10:02,충전인프라사업부,인천광역시 강화군,지자체,주차시설,공영주차장,,인천광역시,강화군,126.4919478,37.7404676
